title_key,author_key,year,title,author,amazon_rating,amazon_reviews,price,genre,title_length,title_word_count,has_colon,has_number,review_log,review_level,rating_level
10day green smoothie cleanse,jj smith,2016,10-Day Green Smoothie Cleanse,JJ Smith,4.7,17350.0,8.0,Non Fiction,29,4,0,1,9.761405420601672,middle,high
112263 a novel,stephen king,2011,11/22/63: A Novel,Stephen King,4.6,2052.0,22.0,Fiction,17,3,1,1,7.627057417018934,low,high
12 rules for life an antidote to chaos,jordan b peterson,2018,12 Rules for Life: An Antidote to Chaos,Jordan B. Peterson,4.7,18979.0,15.0,Non Fiction,39,8,1,1,9.85114107216392,middle,high
1984,george orwell,2021,1984,George Orwell,4.7,60381.0,7.0,Fiction,4,1,0,1,11.008446326263101,high,high
1984 signet classics,george orwell,2017,1984 (Signet Classics),George Orwell,4.7,21424.0,6.0,Fiction,22,3,0,1,9.97231374346598,high,high
5000 awesome facts about everything national geographic kids,national geographic kids,2019,"5,000 Awesome Facts (About Everything!) (National Geographic Kids)",National Geographic Kids,4.8,7665.0,12.0,Non Fiction,66,8,0,1,8.9445502459405,middle,high
a dance with dragons a song of ice and fire,george r r martin,2011,A Dance with Dragons (A Song of Ice and Fire),George R. R. Martin,4.4,12643.0,11.0,Fiction,45,10,0,0,9.444938073335509,middle,normal
a game of thrones a clash of kings a storm of swords a feast of crows a dance with dragons,george r r martin,2014,A Game of Thrones / A Clash of Kings / A Storm of Swords / A Feast of Crows / A Dance with Dragons,George R. R. Martin,4.7,19735.0,30.0,Fiction,98,24,0,0,9.890199658209193,high,high
a gentleman in moscow a novel,amor towles,2017,A Gentleman in Moscow: A Novel,Amor Towles,4.7,19699.0,15.0,Fiction,30,6,1,0,9.88837391472608,high,high
a higher loyalty truth lies and leadership,james comey,2018,"A Higher Loyalty: Truth, Lies, and Leadership",James Comey,4.7,5983.0,3.0,Non Fiction,45,7,1,0,8.696844519654313,low,high
a man called ove a novel,fredrik backman,2016,A Man Called Ove: A Novel,Fredrik Backman,4.6,23848.0,8.0,Fiction,25,6,1,0,10.07949756671628,high,high
a man called ove a novel,fredrik backman,2017,A Man Called Ove: A Novel,Fredrik Backman,4.6,23848.0,8.0,Fiction,25,6,1,0,10.07949756671628,high,high
a patriots history of the united states from columbuss great discovery to the war on terror,larry schweikart,2010,A Patriot's History of the United States: From Columbus's Great Discovery to the War on Terror,Larry Schweikart,4.6,460.0,2.0,Non Fiction,94,16,1,0,6.133398042996649,low,high
a promised land,barack obama,2020,A Promised Land,Barack Obama,4.9,121109.0,16.0,Non Fiction,15,3,0,0,11.704454502515096,high,very_high
a stolen life a memoir,jaycee dugard,2011,A Stolen Life: A Memoir,Jaycee Dugard,4.6,4149.0,32.0,Non Fiction,23,5,1,0,8.330863613224745,low,high
a wrinkle in time time quintet,madeleine lengle,2018,A Wrinkle in Time (Time Quintet),Madeleine L'Engle,4.5,5153.0,5.0,Fiction,32,6,0,0,8.54752839121231,low,normal
act like a lady think like a man what men really think about love relationships intimacy and commitment,steve harvey,2009,"Act Like a Lady, Think Like a Man: What Men Really Think About Love, Relationships, Intimacy, and Commitment",Steve Harvey,4.6,5013.0,17.0,Non Fiction,108,18,1,0,8.519989278718239,low,high
adult coloring book designs stress relief coloring book garden designs mandalas animals and paisley patterns,adult coloring book designs,2016,"Adult Coloring Book Designs: Stress Relief Coloring Book: Garden Designs, Mandalas, Animals, and Paisley Patterns",Adult Coloring Book Designs,4.5,2313.0,4.0,Non Fiction,113,15,1,0,7.746732907753622,low,normal
adult coloring book stress relieving animal designs,blue star coloring,2015,Adult Coloring Book: Stress Relieving Animal Designs,Blue Star Coloring,4.6,2925.0,6.0,Non Fiction,52,7,1,0,7.98139158158007,low,high
adult coloring book stress relieving patterns,blue star coloring,2015,Adult Coloring Book: Stress Relieving Patterns,Blue Star Coloring,4.4,2951.0,6.0,Non Fiction,46,6,1,0,7.990238185720363,low,normal
adult coloring books a coloring book for adults featuring mandalas and henna inspired flowers animals and paisley,coloring books for adults,2015,"Adult Coloring Books: A Coloring Book for Adults Featuring Mandalas and Henna Inspired Flowers, Animals, and Paisley…",Coloring Books for Adults,4.5,2426.0,8.0,Non Fiction,117,17,1,0,7.794411205726601,low,normal
air fryer cookbook 600 effortless air fryer recipes for beginners and advanced users,jenson william,2022,Air Fryer Cookbook: 600 Effortless Air Fryer Recipes for Beginners and Advanced Users,Jenson William,4.4,29402.0,11.0,Non Fiction,85,13,1,1,10.288851988937289,high,normal
alexander hamilton,ron chernow,2016,Alexander Hamilton,Ron Chernow,4.8,9198.0,13.0,Non Fiction,18,2,0,0,9.126850061477157,middle,high
all the light we cannot see,anthony doerr,2014,All the Light We Cannot See,Anthony Doerr,4.6,36348.0,14.0,Fiction,27,6,0,0,10.50092197226688,high,high
all the light we cannot see,anthony doerr,2015,All the Light We Cannot See,Anthony Doerr,4.6,36348.0,14.0,Fiction,27,6,0,0,10.50092197226688,high,high
allegiant,veronica roth,2013,Allegiant,Veronica Roth,3.9,6310.0,13.0,Fiction,9,1,0,0,8.75004942158424,low,normal
american dirt oprahs book club a novel,jeanine cummins,2020,American Dirt (Oprah's Book Club): A Novel,Jeanine Cummins,4.6,66795.0,14.0,Fiction,42,7,1,0,11.109398477492324,high,high
american marxism,mark r levin,2021,American Marxism,Mark R. Levin,4.9,29510.0,14.0,Non Fiction,16,2,0,0,10.292518354180867,high,very_high
american sniper the autobiography of the most lethal sniper in us military history,chris kyle,2015,American Sniper: The Autobiography of the Most Lethal Sniper in U.S. Military History,Chris Kyle,4.6,15921.0,9.0,Non Fiction,85,13,1,0,9.675457079648524,middle,high
and the mountains echoed,khaled hosseini,2013,And the Mountains Echoed,Khaled Hosseini,4.3,12159.0,13.0,Fiction,24,4,0,0,9.405907155520158,middle,normal
arguing with idiots how to stop small minds and big government,glenn beck,2009,Arguing with Idiots: How to Stop Small Minds and Big Government,Glenn Beck,4.6,798.0,5.0,Non Fiction,63,11,1,0,6.683360945766275,low,high
astrophysics for people in a hurry,neil degrasse tyson,2017,Astrophysics for People in a Hurry,Neil deGrasse Tyson,4.7,9374.0,9.0,Non Fiction,34,6,0,0,9.14580185083861,middle,high
atlas of the heart mapping meaningful connection and the language of human experience,bren brown,2021,Atlas of the Heart: Mapping Meaningful Connection and the Language of Human Experience,Brené Brown,4.8,7556.0,18.0,Non Fiction,86,13,1,0,8.93022956502072,middle,high
atlas of the heart mapping meaningful connection and the language of human experience,bren brown,2022,Atlas of the Heart: Mapping Meaningful Connection and the Language of Human Experience,Brené Brown,4.8,7556.0,18.0,Non Fiction,86,13,1,0,8.93022956502072,middle,high
atomic habits an easy proven way to build good habits break bad ones,james clear,2020,Atomic Habits: An Easy & Proven Way to Build Good Habits & Break Bad Ones,James Clear,4.8,73216.0,12.0,Non Fiction,73,15,1,0,11.201182913422926,high,high
atomic habits an easy proven way to build good habits break bad ones,james clear,2021,Atomic Habits: An Easy & Proven Way to Build Good Habits & Break Bad Ones,James Clear,4.8,73216.0,12.0,Non Fiction,73,15,1,0,11.201182913422926,high,high
atomic habits an easy proven way to build good habits break bad ones,james clear,2022,Atomic Habits: An Easy & Proven Way to Build Good Habits & Break Bad Ones,James Clear,4.8,73215.0,12.0,Non Fiction,73,15,1,0,11.201169255299416,high,high
autobiography of mark twain vol 1,mark twain,2010,"Autobiography of Mark Twain, Vol. 1",Mark Twain,4.2,491.0,14.0,Non Fiction,35,6,0,1,6.198478716492308,low,normal
baby touch and feel animals,dk,2015,Baby Touch and Feel: Animals,DK,4.6,5360.0,5.0,Non Fiction,28,5,1,0,8.586905803827538,low,high
balance angies extreme stress menders,angie grace,2015,Balance (Angie's Extreme Stress Menders),Angie Grace,4.6,1909.0,11.0,Non Fiction,40,5,0,0,7.554858521040676,low,high
barefoot contessa foolproof recipes you can trust a cookbook,ina garten,2012,Barefoot Contessa Foolproof: Recipes You Can Trust: A Cookbook,Ina Garten,4.8,1296.0,24.0,Non Fiction,62,9,1,0,7.167809184316444,low,high
barefoot contessa how easy is that fabulous recipes easy tips,ina garten,2010,"Barefoot Contessa, How Easy Is That?: Fabulous Recipes & Easy Tips",Ina Garten,4.7,615.0,21.0,Non Fiction,66,11,1,0,6.423246963533519,low,high
becoming,michelle obama,2018,Becoming,Michelle Obama,4.8,61133.0,11.0,Non Fiction,8,1,0,0,11.02082345520234,high,high
becoming,michelle obama,2019,Becoming,Michelle Obama,4.8,61133.0,11.0,Non Fiction,8,1,0,0,11.02082345520234,high,high
becoming,michelle obama,2020,Becoming,Michelle Obama,4.8,118767.0,21.0,Non Fiction,8,1,0,0,11.684927289357327,high,high
being mortal medicine and what matters in the end,atul gawande,2015,Being Mortal: Medicine and What Matters in the End,Atul Gawande,4.8,11113.0,15.0,Non Fiction,50,9,1,0,9.315960853839867,middle,high
between the world and me,tanehisi coates,2015,Between the World and Me,Ta-Nehisi Coates,4.7,10070.0,13.0,Non Fiction,24,5,0,0,9.217415285648144,middle,high
between the world and me,tanehisi coates,2016,Between the World and Me,Ta-Nehisi Coates,4.7,10070.0,13.0,Non Fiction,24,5,0,0,9.217415285648144,middle,high
big shot diary of a wimpy kid book 16,jeff kinney,2021,Big Shot Diary of a Wimpy Kid Book 16,Jeff Kinney,4.9,12259.0,7.0,Fiction,37,9,0,1,9.414097209490203,middle,very_high
born to run,bruce springsteen,2016,Born to Run,Bruce Springsteen,4.7,3729.0,18.0,Non Fiction,11,3,0,0,8.224163512637862,low,high
breaking dawn the twilight saga book 4,stephenie meyer,2009,"Breaking Dawn (The Twilight Saga, Book 4)",Stephenie Meyer,4.6,9769.0,13.0,Fiction,41,7,0,1,9.187071745036828,middle,high
broke the plan to restore our trust truth and treasure,glenn beck,2010,"Broke: The Plan to Restore Our Trust, Truth and Treasure",Glenn Beck,4.5,471.0,8.0,Non Fiction,56,10,1,0,6.156978985585555,low,normal
brown bear brown bear what do you see,bill martin jr,2017,"Brown Bear, Brown Bear, What Do You See?",Bill Martin Jr.,4.9,14344.0,5.0,Fiction,40,8,0,0,9.571156728415465,middle,very_high
brown bear brown bear what do you see,bill martin jr,2019,"Brown Bear, Brown Bear, What Do You See?",Bill Martin Jr.,4.9,14344.0,5.0,Fiction,40,8,0,0,9.571156728415465,middle,very_high
brown bear brown bear what do you see,bill martin jr,2020,"Brown Bear, Brown Bear, What Do You See?",Bill Martin Jr.,4.9,38969.0,5.0,Fiction,40,8,0,0,10.570547398332755,high,very_high
brown bear brown bear what do you see,bill martin jr,2021,"Brown Bear, Brown Bear, What Do You See?",Bill Martin Jr.,4.9,38969.0,5.0,Fiction,40,8,0,0,10.570547398332755,high,very_high
brown bear brown bear what do you see,bill martin jr,2022,"Brown Bear, Brown Bear, What Do You See?",Bill Martin Jr.,4.9,38969.0,5.0,Fiction,40,8,0,0,10.570547398332755,high,very_high
burn after writing,sharon jones,2020,Burn After Writing,Sharon Jones,4.6,36689.0,7.0,Non Fiction,18,3,0,0,10.510259517349327,high,high
burn after writing pink,sharon jones,2021,Burn After Writing (Pink),Sharon Jones,4.6,23145.0,7.0,Non Fiction,25,4,0,0,10.049577258408023,high,high
burn after writing pink,sharon jones,2022,Burn After Writing (Pink),Sharon Jones,4.6,23146.0,7.0,Non Fiction,25,4,0,0,10.04962046148409,high,high
cabin fever diary of a wimpy kid book 6,jeff kinney,2011,"Cabin Fever (Diary of a Wimpy Kid, Book 6)",Jeff Kinney,4.8,4505.0,0.0,Fiction,42,9,0,1,8.41316512099219,low,high
call us what we carry poems,amanda gorman,2021,Call Us What We Carry: Poems,Amanda Gorman,4.9,2873.0,14.0,Fiction,28,6,1,0,7.96346006663897,low,very_high
calm the fck down an irreverent adult coloring book irreverent book series,sasha ohara,2016,Calm the F*ck Down: An Irreverent Adult Coloring Book (Irreverent Book Series),Sasha O'Hara,4.6,10369.0,4.0,Non Fiction,78,12,1,0,9.246672301223573,middle,high
cant hurt me master your mind and defy the odds,david goggins,2019,Can't Hurt Me: Master Your Mind and Defy the Odds,David Goggins,4.8,16244.0,18.0,Non Fiction,49,10,1,0,9.6955404481032,middle,high
capital in the twenty first century,thomas piketty,2014,Capital in the Twenty First Century,Thomas Piketty,4.5,2884.0,28.0,Non Fiction,35,6,0,0,7.9672801789422,low,normal
caste oprahs book club the origins of our discontents,isabel wilkerson,2020,Caste (Oprah's Book Club): The Origins of Our Discontents,Isabel Wilkerson,4.8,38318.0,15.0,Non Fiction,57,9,1,0,10.553701135710886,high,high
caste oprahs book club the origins of our discontents,isabel wilkerson,2021,Caste (Oprah's Book Club): The Origins of Our Discontents,Isabel Wilkerson,4.8,38319.0,15.0,Non Fiction,57,9,1,0,10.553727232084796,high,high
catching fire the hunger games,suzanne collins,2010,Catching Fire (The Hunger Games),Suzanne Collins,4.7,22614.0,11.0,Fiction,32,5,0,0,10.026368681911944,high,high
catching fire the hunger games,suzanne collins,2011,Catching Fire (The Hunger Games),Suzanne Collins,4.7,22614.0,11.0,Fiction,32,5,0,0,10.026368681911944,high,high
catching fire the hunger games,suzanne collins,2012,Catching Fire (The Hunger Games),Suzanne Collins,4.7,22614.0,11.0,Fiction,32,5,0,0,10.026368681911944,high,high
chicka chicka boom boom board book,bill martin jr,2020,Chicka Chicka Boom Boom (Board Book),Bill Martin Jr.,4.9,30145.0,5.0,Fiction,36,6,0,0,10.313807523370475,high,very_high
cravings recipes for all the food you want to eat a cookbook,chrissy teigen,2016,Cravings: Recipes for All the Food You Want to Eat: A Cookbook,Chrissy Teigen,4.7,4761.0,16.0,Non Fiction,62,12,1,0,8.468423027046809,low,high
crazy love overwhelmed by a relentless god,francis chan,2009,Crazy Love: Overwhelmed by a Relentless God,Francis Chan,4.7,1542.0,14.0,Non Fiction,43,7,1,0,7.341483852363161,low,high
crazy love overwhelmed by a relentless god,francis chan,2010,Crazy Love: Overwhelmed by a Relentless God,Francis Chan,4.7,1542.0,14.0,Non Fiction,43,7,1,0,7.341483852363161,low,high
crazy love overwhelmed by a relentless god,francis chan,2011,Crazy Love: Overwhelmed by a Relentless God,Francis Chan,4.7,1542.0,14.0,Non Fiction,43,7,1,0,7.341483852363161,low,high
crazy rich asians crazy rich asians trilogy,kevin kwan,2018,Crazy Rich Asians (Crazy Rich Asians Trilogy),Kevin Kwan,4.3,6143.0,8.0,Fiction,45,7,0,0,8.723231274827508,low,normal
creative haven creative cats coloring book adult coloring,marjorie sarnat,2015,Creative Haven Creative Cats Coloring Book (Adult Coloring),Marjorie Sarnat,4.8,4022.0,4.0,Non Fiction,59,8,0,0,8.299783171949787,low,high
creative haven owls coloring book adult coloring,marjorie sarnat,2015,Creative Haven Owls Coloring Book (Adult Coloring),Marjorie Sarnat,4.8,3871.0,5.0,Non Fiction,50,7,0,0,8.261526448396468,low,high
crystals for beginners the guide to get started with the healing power of crystals,karen frazier,2021,Crystals for Beginners: The Guide to Get Started with the Healing Power of Crystals,Karen Frazier,4.8,30513.0,9.0,Non Fiction,83,14,1,0,10.325940873673147,high,high
cutting for stone,abraham verghese,2010,Cutting for Stone,Abraham Verghese,4.6,4866.0,11.0,Fiction,17,3,0,0,8.490233009833455,low,high
cutting for stone,abraham verghese,2011,Cutting for Stone,Abraham Verghese,4.6,4866.0,11.0,Fiction,17,3,0,0,8.490233009833455,low,high
daring greatly how the courage to be vulnerable transforms the way we live love parent and lead,brene brown,2013,"Daring Greatly: How the Courage to Be Vulnerable Transforms the Way We Live, Love, Parent, and Lead",Brené Brown,4.8,1329.0,10.0,Non Fiction,99,17,1,0,7.1929342212158,low,high
david and goliath underdogs misfits and the art of battling giants,malcolm gladwell,2013,"David and Goliath: Underdogs, Misfits, and the Art of Battling Giants",Malcolm Gladwell,4.4,4642.0,13.0,Non Fiction,69,11,1,0,8.443115988019922,low,normal
dead and gone a sookie stackhouse novel sookie stackhousetrue blood,charlaine harris,2009,Dead And Gone: A Sookie Stackhouse Novel (Sookie Stackhouse/True Blood),Charlaine Harris,4.6,1541.0,4.0,Fiction,71,10,1,0,7.340835554123275,low,high
dead in the family sookie stackhousetrue blood book 10,charlaine harris,2010,"Dead in the Family (Sookie Stackhouse/True Blood, Book 10)",Charlaine Harris,4.3,1924.0,8.0,Fiction,58,9,0,1,7.562681246721884,low,normal
dead reckoning sookie stackhousetrue blood book 11,charlaine harris,2011,"Dead Reckoning (Sookie Stackhouse/True Blood, Book 11)",Charlaine Harris,4.2,2094.0,4.0,Fiction,54,7,0,1,7.647308832356238,low,normal
dear zoo a lifttheflap book,rod campbell,2015,Dear Zoo: A Lift-the-Flap Book,Rod Campbell,4.8,10922.0,5.0,Fiction,30,5,1,0,9.298625936843543,middle,high
dear zoo a lifttheflap book,rod campbell,2016,Dear Zoo: A Lift-the-Flap Book,Rod Campbell,4.8,10922.0,5.0,Fiction,30,5,1,0,9.298625936843543,middle,high
dear zoo a lifttheflap book,rod campbell,2017,Dear Zoo: A Lift-the-Flap Book,Rod Campbell,4.8,10922.0,5.0,Fiction,30,5,1,0,9.298625936843543,middle,high
dear zoo a lifttheflap book,rod campbell,2018,Dear Zoo: A Lift-the-Flap Book,Rod Campbell,4.8,10922.0,5.0,Fiction,30,5,1,0,9.298625936843543,middle,high
decision points,george w bush,2010,Decision Points,George W. Bush,4.6,2137.0,17.0,Non Fiction,15,2,0,0,7.6676260915849905,low,high
delivering happiness a path to profits passion and purpose,tony hsieh,2010,"Delivering Happiness: A Path to Profits, Passion, and Purpose",Tony Hsieh,4.6,1651.0,15.0,Non Fiction,61,9,1,0,7.409741954080923,low,high
diagnostic and statistical manual of mental disorders 5th edition dsm5,american psychiatric association,2013,"Diagnostic and Statistical Manual of Mental Disorders, 5th Edition: DSM-5",American Psychiatric Association,4.5,6679.0,105.0,Non Fiction,73,10,1,1,8.806873266530692,middle,normal
diagnostic and statistical manual of mental disorders 5th edition dsm5,american psychiatric association,2014,"Diagnostic and Statistical Manual of Mental Disorders, 5th Edition: DSM-5",American Psychiatric Association,4.5,6679.0,105.0,Non Fiction,73,10,1,1,8.806873266530692,middle,normal
diary of a wimpy kid hard luck book 8,jeff kinney,2013,"Diary of a Wimpy Kid: Hard Luck, Book 8",Jeff Kinney,4.8,6812.0,0.0,Fiction,39,9,1,1,8.826587830773668,middle,high
diary of a wimpy kid the last straw book 3,jeff kinney,2009,Diary of a Wimpy Kid: The Last Straw (Book 3),Jeff Kinney,4.8,3837.0,15.0,Fiction,45,10,1,1,8.252706676567644,low,high
diary of a wimpy kid the long haul,jeff kinney,2014,Diary of a Wimpy Kid: The Long Haul,Jeff Kinney,4.8,6540.0,22.0,Fiction,35,8,1,0,8.785845337961213,low,high
difficult riddles for smart kids 300 difficult riddles and brain teasers families will love books for smart kids,m prefontaine,2019,Difficult Riddles For Smart Kids: 300 Difficult Riddles And Brain Teasers Families Will Love (Books for Smart Kids),M Prefontaine,4.6,7955.0,5.0,Non Fiction,115,18,1,1,8.981681639973862,middle,high
divergent,veronica roth,2013,Divergent,Veronica Roth,4.6,27098.0,15.0,Fiction,9,1,0,0,10.207252105817954,high,high
divergent,veronica roth,2014,Divergent,Veronica Roth,4.6,27098.0,15.0,Fiction,9,1,0,0,10.207252105817954,high,high
divergent insurgent,veronica roth,2014,Divergent / Insurgent,Veronica Roth,4.5,17684.0,6.0,Fiction,21,3,0,0,9.780472101639582,middle,normal
divine soul mind body healing and transmission system the divine way to heal you humanity mother earth and all,zhi gang sha,2009,"Divine Soul Mind Body Healing and Transmission System: The Divine Way to Heal You, Humanity, Mother Earth, and All…",Zhi Gang Sha,4.6,37.0,6.0,Non Fiction,115,19,1,0,3.6375861597263857,low,high
doctor sleep a novel,stephen king,2013,Doctor Sleep: A Novel,Stephen King,4.7,15845.0,13.0,Fiction,21,4,1,0,9.670672381525188,middle,high
dog days diary of a wimpy kid book 4 volume 4,jeff kinney,2009,"Dog Days (Diary of a Wimpy Kid, Book 4) (Volume 4)",Jeff Kinney,4.8,3181.0,12.0,Fiction,50,11,0,1,8.065265208897733,low,high
dog man a tale of two kitties from the creator of captain underpants dog man 3,dav pilkey,2017,Dog Man: A Tale of Two Kitties: From the Creator of Captain Underpants (Dog Man #3),Dav Pilkey,4.9,4786.0,8.0,Fiction,83,16,1,1,8.473659189392508,low,very_high
dog man and cat kid from the creator of captain underpants dog man 4,dav pilkey,2018,Dog Man and Cat Kid: From the Creator of Captain Underpants (Dog Man #4),Dav Pilkey,4.9,5062.0,6.0,Fiction,72,14,1,1,8.529714471969909,low,very_high
dog man brawl of the wild from the creator of captain underpants dog man 6,dav pilkey,2018,Dog Man: Brawl of the Wild: From the Creator of Captain Underpants (Dog Man #6),Dav Pilkey,4.9,7235.0,4.0,Fiction,79,15,1,1,8.886823846515187,middle,very_high
dog man brawl of the wild from the creator of captain underpants dog man 6,dav pilkey,2019,Dog Man: Brawl of the Wild: From the Creator of Captain Underpants (Dog Man #6),Dav Pilkey,4.9,7235.0,4.0,Fiction,79,15,1,1,8.886823846515187,middle,very_high
dog man fetch22 from the creator of captain underpants dog man 8,dav pilkey,2019,Dog Man: Fetch-22: From the Creator of Captain Underpants (Dog Man #8),Dav Pilkey,4.9,12619.0,8.0,Fiction,70,12,1,1,9.443038136095204,middle,very_high
dog man for whom the ball rolls from the creator of captain underpants dog man 7,dav pilkey,2019,Dog Man: For Whom the Ball Rolls: From the Creator of Captain Underpants (Dog Man #7),Dav Pilkey,4.9,9089.0,8.0,Fiction,85,16,1,1,9.114930187171524,middle,very_high
dog man grime and punishment a graphic novel dog man 9 from the creator of captain underpants 9,dav pilkey,2020,Dog Man: Grime and Punishment: A Graphic Novel (Dog Man #9): From the Creator of Captain Underpants (9),Dav Pilkey,4.9,41021.0,6.0,Fiction,103,18,1,1,10.62186378714185,high,very_high
dog man lord of the fleas from the creator of captain underpants dog man 5,dav pilkey,2018,Dog Man: Lord of the Fleas: From the Creator of Captain Underpants (Dog Man #5),Dav Pilkey,4.9,5470.0,6.0,Fiction,79,15,1,1,8.607216694063826,low,very_high
dog man mothering heights a graphic novel dog man 10 from the creator of captain underpants 10,dav pilkey,2021,Dog Man: Mothering Heights: A Graphic Novel (Dog Man #10): From the Creator of Captain Underpants (10),Dav Pilkey,4.9,18740.0,7.0,Fiction,102,17,1,1,9.838468916161679,middle,very_high
double down diary of a wimpy kid 11,jeff kinney,2016,Double Down (Diary of a Wimpy Kid #11),Jeff Kinney,4.8,5118.0,20.0,Fiction,38,8,0,1,8.540714386457584,low,high
dover creative haven art nouveau animal designs coloring book creative haven coloring books,marty noble,2015,Dover Creative Haven Art Nouveau Animal Designs Coloring Book (Creative Haven Coloring Books),Marty Noble,4.6,2134.0,5.0,Non Fiction,93,13,0,0,7.666221925662725,low,high
drive the surprising truth about what motivates us,daniel h pink,2010,Drive: The Surprising Truth About What Motivates Us,Daniel H. Pink,4.5,2525.0,16.0,Non Fiction,51,8,1,0,7.8343923029104365,low,normal
dune dune chronicles book 1,frank herbert,2021,"Dune (Dune Chronicles, Book 1)",Frank Herbert,4.7,52262.0,12.0,Fiction,30,5,0,1,10.86404394270827,high,high
eat this not that supermarket survival guide the nodiet weight loss solution,david zinczenko,2009,Eat This Not That! Supermarket Survival Guide: The No-Diet Weight Loss Solution,David Zinczenko,4.5,720.0,1.0,Non Fiction,79,12,1,0,6.580639137284949,low,normal
eat this not that thousands of simple food swaps that can save you 10 20 30 poundsor more,david zinczenko,2009,"Eat This, Not That! Thousands of Simple Food Swaps that Can Save You 10, 20, 30 Pounds--or More!",David Zinczenko,4.3,956.0,14.0,Non Fiction,96,18,0,1,6.863803391452954,low,normal
eat to live the amazing nutrientrich program for fast and sustained weight loss revised edition,joel fuhrman md,2011,"Eat to Live: The Amazing Nutrient-Rich Program for Fast and Sustained Weight Loss, Revised Edition",Joel Fuhrman MD,4.5,6346.0,9.0,Non Fiction,98,15,1,0,8.75573753930647,low,normal
eat to live the amazing nutrientrich program for fast and sustained weight loss revised edition,joel fuhrman md,2012,"Eat to Live: The Amazing Nutrient-Rich Program for Fast and Sustained Weight Loss, Revised Edition",Joel Fuhrman MD,4.5,6346.0,9.0,Non Fiction,98,15,1,0,8.75573753930647,low,normal
eclipse twilight,stephenie meyer,2009,Eclipse (Twilight),Stephenie Meyer,4.7,5505.0,18.0,Fiction,18,2,0,0,8.613593685702552,low,high
eclipse twilight sagas,stephenie meyer,2009,Eclipse (Twilight Sagas),Stephenie Meyer,4.7,5505.0,7.0,Fiction,24,3,0,0,8.613593685702552,low,high
educated a memoir,tara westover,2018,Educated: A Memoir,Tara Westover,4.7,28729.0,15.0,Non Fiction,18,3,1,0,10.265697151973335,high,high
educated a memoir,tara westover,2019,Educated: A Memoir,Tara Westover,4.7,28729.0,15.0,Non Fiction,18,3,1,0,10.265697151973335,high,high
educated a memoir,tara westover,2020,Educated: A Memoir,Tara Westover,4.7,61064.0,13.0,Non Fiction,18,3,1,0,11.019694149605188,high,high
enchanted forest an inky quest and coloring book activity books mindfulness and meditation illustrated floral prints,johanna basford,2015,"Enchanted Forest: An Inky Quest and Coloring book (Activity Books, Mindfulness and Meditation, Illustrated Floral Prints…",Johanna Basford,4.7,5413.0,9.0,Non Fiction,121,16,1,0,8.596743470174246,low,high
fahrenheit 451,ray bradbury,2016,Fahrenheit 451,Ray Bradbury,4.6,10721.0,8.0,Fiction,14,2,0,1,9.280052984387483,middle,high
fahrenheit 451,ray bradbury,2018,Fahrenheit 451,Ray Bradbury,4.6,10721.0,8.0,Fiction,14,2,0,1,9.280052984387483,middle,high
fantastic beasts and where to find them the original screenplay harry potter,jk rowling,2016,Fantastic Beasts and Where to Find Them: The Original Screenplay (Harry Potter),J.K. Rowling,4.7,4370.0,15.0,Fiction,79,12,1,0,8.382747094863314,low,high
fear trump in the white house,bob woodward,2018,Fear: Trump in the White House,Bob Woodward,4.4,6042.0,2.0,Non Fiction,30,6,1,0,8.706655856361559,low,normal
fifty shades darker,e l james,2012,Fifty Shades Darker,E L James,4.4,23631.0,7.0,Fiction,19,3,0,0,10.07035700477116,high,normal
fifty shades freed book three of the fifty shades trilogy fifty shades of grey series english edition,e l james,2012,Fifty Shades Freed: Book Three of the Fifty Shades Trilogy (Fifty Shades of Grey Series) (English Edition),E L James,4.5,20262.0,11.0,Fiction,106,17,1,0,9.91655184186533,high,normal
fifty shades of grey book one of the fifty shades trilogy fifty shades of grey series,e l james,2012,Fifty Shades of Grey: Book One of the Fifty Shades Trilogy (Fifty Shades of Grey Series),E L James,3.8,47265.0,14.0,Fiction,88,16,1,0,10.763546499940231,high,normal
fifty shades of grey book one of the fifty shades trilogy fifty shades of grey series,e l james,2013,Fifty Shades of Grey: Book One of the Fifty Shades Trilogy (Fifty Shades of Grey Series),E L James,3.8,47265.0,14.0,Fiction,88,16,1,0,10.763546499940231,high,normal
fifty shades trilogy fifty shades of grey fifty shades darker fifty shades freed,e l james,2012,Fifty Shades Trilogy (Fifty Shades of Grey / Fifty Shades Darker / Fifty Shades Freed),E L James,4.5,13964.0,32.0,Fiction,86,15,0,0,9.544309478379278,middle,normal
fire and fury inside the trump white house,michael wolff,2018,Fire and Fury: Inside the Trump White House,Michael Wolff,4.2,13677.0,6.0,Non Fiction,43,8,1,0,9.523543981658042,middle,normal
first 100 words,roger priddy,2014,First 100 Words,Roger Priddy,4.7,17323.0,4.0,Non Fiction,15,3,0,1,9.759848102334518,middle,high
first 100 words,roger priddy,2015,First 100 Words,Roger Priddy,4.7,17323.0,4.0,Non Fiction,15,3,0,1,9.759848102334518,middle,high
first 100 words,roger priddy,2016,First 100 Words,Roger Priddy,4.7,17323.0,4.0,Non Fiction,15,3,0,1,9.759848102334518,middle,high
first 100 words,roger priddy,2017,First 100 Words,Roger Priddy,4.7,17323.0,4.0,Non Fiction,15,3,0,1,9.759848102334518,middle,high
first 100 words,roger priddy,2018,First 100 Words,Roger Priddy,4.7,17323.0,4.0,Non Fiction,15,3,0,1,9.759848102334518,middle,high
food rules an eaters manual,michael pollan,2010,Food Rules: An Eater's Manual,Michael Pollan,4.4,1555.0,9.0,Non Fiction,29,5,1,0,7.349873704738337,low,normal
from crook to cook platinum recipes from tha boss doggs kitchen snoop dogg cookbook celebrity cookbook with soul food recipes snoop dog x chronicle books,snoop dogg,2022,"From Crook to Cook: Platinum Recipes from Tha Boss Dogg's Kitchen (Snoop Dogg Cookbook, Celebrity Cookbook with Soul Food Recipes) (Snoop Dog x Chronicle Books)",Snoop Dogg,4.8,23735.0,13.0,Non Fiction,160,25,1,0,10.074748161970657,high,high
frozen little golden book,rh disney,2014,Frozen (Little Golden Book),RH Disney,4.7,3642.0,0.0,Fiction,27,4,0,0,8.200562797008564,low,high
game change obama and the clintons mccain and palin and the race of a lifetime,john heilemann,2010,"Game Change: Obama and the Clintons, McCain and Palin, and the Race of a Lifetime",John Heilemann,4.4,1215.0,9.0,Non Fiction,81,15,1,0,7.103322062526113,low,normal
game of thrones boxed set a game of thronesa clash of kingsa storm of swordsa feast for crows,george rr martin,2011,Game of Thrones Boxed Set: A Game of Thrones/A Clash of Kings/A Storm of Swords/A Feast for Crows,George R.R. Martin,4.6,5594.0,5.0,Fiction,97,18,1,0,8.629628620746026,low,high
game of thrones boxed set a game of thronesa clash of kingsa storm of swordsa feast for crows,george rr martin,2012,Game of Thrones Boxed Set: A Game of Thrones/A Clash of Kings/A Storm of Swords/A Feast for Crows,George R.R. Martin,4.6,5594.0,5.0,Fiction,97,18,1,0,8.629628620746026,low,high
game of thrones boxed set a game of thronesa clash of kingsa storm of swordsa feast for crows,george rr martin,2013,Game of Thrones Boxed Set: A Game of Thrones/A Clash of Kings/A Storm of Swords/A Feast for Crows,George R.R. Martin,4.6,5594.0,5.0,Fiction,97,18,1,0,8.629628620746026,low,high
george washingtons sacred fire,peter a lillback,2010,George Washington's Sacred Fire,Peter A. Lillback,4.5,408.0,20.0,Non Fiction,31,4,0,0,6.013715156042802,low,normal
george washingtons secret six the spy ring that saved the american revolution,brian kilmeade,2013,George Washington's Secret Six: The Spy Ring That Saved the American Revolution,Brian Kilmeade,4.6,4799.0,16.0,Non Fiction,79,12,1,0,8.476371196895983,low,high
get out of your head stopping the spiral of toxic thoughts,jennie allen,2020,Get Out of Your Head: Stopping the Spiral of Toxic Thoughts,Jennie Allen,4.7,19558.0,14.0,Non Fiction,59,11,1,0,9.881190817537517,middle,high
giraffes cant dance,giles andreae,2015,Giraffes Can't Dance,Giles Andreae,4.8,14038.0,4.0,Fiction,20,3,0,0,9.549594449971952,middle,high
giraffes cant dance,giles andreae,2016,Giraffes Can't Dance,Giles Andreae,4.8,14038.0,4.0,Fiction,20,3,0,0,9.549594449971952,middle,high
giraffes cant dance,giles andreae,2017,Giraffes Can't Dance,Giles Andreae,4.8,14038.0,4.0,Fiction,20,3,0,0,9.549594449971952,middle,high
giraffes cant dance,giles andreae,2018,Giraffes Can't Dance,Giles Andreae,4.8,14038.0,4.0,Fiction,20,3,0,0,9.549594449971952,middle,high
giraffes cant dance,giles andreae,2019,Giraffes Can't Dance,Giles Andreae,4.8,14038.0,4.0,Fiction,20,3,0,0,9.549594449971952,middle,high
giraffes cant dance,giles andreae,2020,Giraffes Can't Dance,Giles Andreae,4.8,27722.0,6.0,Fiction,20,3,0,0,10.23001767255615,high,high
girl stop apologizing a shamefree plan for embracing and achieving your goals,rachel hollis,2019,"Girl, Stop Apologizing: A Shame-Free Plan for Embracing and Achieving Your Goals",Rachel Hollis,4.6,7660.0,12.0,Non Fiction,80,12,1,0,8.94389780251682,middle,high
girl wash your face stop believing the lies about who you are so you can become who you were meant to be,rachel hollis,2018,"Girl, Wash Your Face: Stop Believing the Lies About Who You Are So You Can Become Who You Were Meant to Be",Rachel Hollis,4.6,22288.0,12.0,Non Fiction,106,22,1,0,10.011848562206193,high,high
girl wash your face stop believing the lies about who you are so you can become who you were meant to be,rachel hollis,2019,"Girl, Wash Your Face: Stop Believing the Lies About Who You Are So You Can Become Who You Were Meant to Be",Rachel Hollis,4.6,22288.0,12.0,Non Fiction,106,22,1,0,10.011848562206193,high,high
glenn becks common sense the case against an outofcontrol government inspired by thomas paine,glenn beck,2009,"Glenn Beck's Common Sense: The Case Against an Out-of-Control Government, Inspired by Thomas Paine",Glenn Beck,4.6,1365.0,11.0,Non Fiction,98,14,1,0,7.2196420401307355,low,high
go set a watchman a novel,harper lee,2015,Go Set a Watchman: A Novel,Harper Lee,3.6,14982.0,19.0,Fiction,26,6,1,0,9.614671504043145,middle,normal
go tell the bees that i am gone a novel outlander,diana gabaldon,2021,Go Tell the Bees That I Am Gone: A Novel (Outlander),Diana Gabaldon,4.7,35580.0,20.0,Fiction,52,11,1,0,10.479567066502216,high,high
go the fk to sleep,adam mansbach,2011,Go the F**k to Sleep,Adam Mansbach,4.8,9568.0,9.0,Fiction,20,5,0,0,9.166283985779263,middle,high
going rogue an american life,sarah palin,2009,Going Rogue: An American Life,Sarah Palin,4.6,1636.0,6.0,Non Fiction,29,5,1,0,7.400620577371135,low,high
gone girl,gillian flynn,2012,Gone Girl,Gillian Flynn,4.0,57271.0,10.0,Fiction,9,2,0,0,10.955567127076021,high,normal
gone girl,gillian flynn,2013,Gone Girl,Gillian Flynn,4.0,57271.0,10.0,Fiction,9,2,0,0,10.955567127076021,high,normal
gone girl,gillian flynn,2014,Gone Girl,Gillian Flynn,4.0,57271.0,9.0,Fiction,9,2,0,0,10.955567127076021,high,normal
good days start with gratitude a 52 week guide to cultivate an attitude of gratitude gratitude journal,pretty simple press,2019,Good Days Start With Gratitude: A 52 Week Guide To Cultivate An Attitude Of Gratitude: Gratitude Journal,Pretty Simple Press,4.6,10141.0,6.0,Non Fiction,104,17,1,1,9.224440496354964,middle,high
good to great why some companies make the leap and others dont,jim collins,2009,Good to Great: Why Some Companies Make the Leap and Others Don't,Jim Collins,4.5,3457.0,14.0,Non Fiction,64,12,1,0,8.148445666243235,low,normal
good to great why some companies make the leap and others dont,jim collins,2010,Good to Great: Why Some Companies Make the Leap and Others Don't,Jim Collins,4.5,3457.0,14.0,Non Fiction,64,12,1,0,8.148445666243235,low,normal
good to great why some companies make the leap and others dont,jim collins,2011,Good to Great: Why Some Companies Make the Leap and Others Don't,Jim Collins,4.5,3457.0,14.0,Non Fiction,64,12,1,0,8.148445666243235,low,normal
good to great why some companies make the leap and others dont,jim collins,2012,Good to Great: Why Some Companies Make the Leap and Others Don't,Jim Collins,4.5,3457.0,14.0,Non Fiction,64,12,1,0,8.148445666243235,low,normal
goodnight goodnight construction site hardcover books for toddlers preschool books for kids,sherri duskey rinker,2012,"Goodnight, Goodnight Construction Site (Hardcover Books for Toddlers, Preschool Books for Kids)",Sherri Duskey Rinker,4.9,7038.0,7.0,Fiction,95,12,0,0,8.85922139360813,middle,very_high
goodnight goodnight construction site hardcover books for toddlers preschool books for kids,sherri duskey rinker,2013,"Goodnight, Goodnight Construction Site (Hardcover Books for Toddlers, Preschool Books for Kids)",Sherri Duskey Rinker,4.9,7038.0,7.0,Fiction,95,12,0,0,8.85922139360813,middle,very_high
goodnight moon,margaret wise brown,2017,Goodnight Moon,Margaret Wise Brown,4.8,8837.0,5.0,Fiction,14,2,0,0,9.086815885690685,middle,high
goodnight moon,margaret wise brown,2018,Goodnight Moon,Margaret Wise Brown,4.8,8837.0,5.0,Fiction,14,2,0,0,9.086815885690685,middle,high
goodnight moon,margaret wise brown,2019,Goodnight Moon,Margaret Wise Brown,4.8,8837.0,5.0,Fiction,14,2,0,0,9.086815885690685,middle,high
grain brain the surprising truth about wheat carbs and sugaryour brains silent killers,david perlmutter md,2014,"Grain Brain: The Surprising Truth about Wheat, Carbs, and Sugar--Your Brain's Silent Killers",David Perlmutter MD,4.6,5972.0,10.0,Non Fiction,92,13,1,0,8.695004592732307,low,high
greenlights,matthew mcconaughey,2020,Greenlights,Matthew McConaughey,4.7,52217.0,16.0,Non Fiction,11,1,0,0,10.863182542017569,high,high
greenlights,matthew mcconaughey,2021,Greenlights,Matthew McConaughey,4.7,52217.0,16.0,Non Fiction,11,1,0,0,10.863182542017569,high,high
grey fifty shades of grey as told by christian fifty shades of grey series,e l james,2015,Grey: Fifty Shades of Grey as Told by Christian (Fifty Shades of Grey Series),E L James,4.4,25624.0,14.0,Fiction,77,14,1,0,10.151323716440709,high,normal
grumpy monkey,suzanne lang,2021,Grumpy Monkey,Suzanne Lang,4.8,20714.0,7.0,Fiction,13,2,0,0,9.938613354511503,high,high
guts,raina telgemeier,2019,Guts,Raina Telgemeier,4.8,5476.0,7.0,Non Fiction,4,1,0,0,8.608312784783722,low,high
hamilton the revolution,linmanuel miranda,2016,Hamilton: The Revolution,Lin-Manuel Miranda,4.9,5867.0,54.0,Non Fiction,24,3,1,0,8.677269139262872,low,very_high
happy happy happy my life and legacy as the duck commander,phil robertson,2013,"Happy, Happy, Happy: My Life and Legacy as the Duck Commander",Phil Robertson,4.8,4148.0,11.0,Non Fiction,61,11,1,0,8.330622620332868,low,high
harry potter and the chamber of secrets the illustrated edition harry potter book 2,jk rowling,2016,"Harry Potter and the Chamber of Secrets: The Illustrated Edition (Harry Potter, Book 2)",J.K. Rowling,4.9,19622.0,30.0,Fiction,87,14,1,1,9.884457626629322,high,very_high
harry potter and the cursed child parts 1 2 special rehearsal edition script,jk rowling,2016,"Harry Potter and the Cursed Child, Parts 1 & 2, Special Rehearsal Edition Script",J.K. Rowling,4.0,23973.0,12.0,Fiction,80,14,0,1,10.084725188767045,high,normal
harry potter and the goblet of fire the illustrated edition harry potter book 4 4,j k rowling,2019,"Harry Potter and the Goblet of Fire: The Illustrated Edition (Harry Potter, Book 4) (4)",J. K. Rowling,4.9,7758.0,18.0,Fiction,87,15,1,1,8.95660873889395,middle,very_high
harry potter and the prisoner of azkaban the illustrated edition harry potter book 3,jk rowling,2017,"Harry Potter and the Prisoner of Azkaban: The Illustrated Edition (Harry Potter, Book 3)",J.K. Rowling,4.9,3146.0,30.0,Fiction,88,14,1,1,8.054204897064407,low,very_high
harry potter and the sorcerers stone the illustrated edition harry potter book 1,jk rowling,2016,"Harry Potter and the Sorcerer's Stone: The Illustrated Edition (Harry Potter, Book 1)",J.K. Rowling,4.9,10052.0,22.0,Fiction,85,13,1,1,9.215626376405421,middle,very_high
harry potter coloring book,scholastic,2015,Harry Potter Coloring Book,Scholastic,4.7,3564.0,9.0,Non Fiction,26,4,0,0,8.178919332848396,low,high
harry potter paperback box set books 17,j k rowling,2016,Harry Potter Paperback Box Set (Books 1-7),J. K. Rowling,4.8,13471.0,52.0,Fiction,42,7,0,1,9.508368736482108,middle,high
have a little faith a true story,mitch albom,2009,Have a Little Faith: A True Story,Mitch Albom,4.8,1930.0,4.0,Non Fiction,33,7,1,0,7.565793282428515,low,high
heaven is for real a little boys astounding story of his trip to heaven and back,todd burpo,2011,Heaven is for Real: A Little Boy's Astounding Story of His Trip to Heaven and Back,Todd Burpo,4.7,15779.0,10.0,Non Fiction,82,16,1,0,9.666498594399865,middle,high
heaven is for real a little boys astounding story of his trip to heaven and back,todd burpo,2012,Heaven is for Real: A Little Boy's Astounding Story of His Trip to Heaven and Back,Todd Burpo,4.7,15779.0,10.0,Non Fiction,82,16,1,0,9.666498594399865,middle,high
hillbilly elegy a memoir of a family and culture in crisis,j d vance,2016,Hillbilly Elegy: A Memoir of a Family and Culture in Crisis,J. D. Vance,4.4,15526.0,14.0,Non Fiction,59,11,1,0,9.65033572298117,middle,normal
hillbilly elegy a memoir of a family and culture in crisis,j d vance,2017,Hillbilly Elegy: A Memoir of a Family and Culture in Crisis,J. D. Vance,4.4,15526.0,14.0,Non Fiction,59,11,1,0,9.65033572298117,middle,normal
homebody a guide to creating spaces you never want to leave,joanna gaines,2018,Homebody: A Guide to Creating Spaces You Never Want to Leave,Joanna Gaines,4.8,3776.0,22.0,Non Fiction,60,11,1,0,8.236685322712457,low,high
house of sky and breath crescent city,sarah j maas,2022,House of Sky and Breath (Crescent City),Sarah J. Maas,4.8,14327.0,18.0,Fiction,39,7,0,0,9.569970943740548,middle,high
how to be an antiracist,ibram x kendi,2020,How to Be an Antiracist,Ibram X. Kendi,4.7,24386.0,17.0,Non Fiction,23,5,0,0,10.101805482414681,high,high
how to catch a leprechaun,adam wallace,2022,How to Catch a Leprechaun,Adam Wallace,4.8,6020.0,10.0,Fiction,25,5,0,0,8.703008637464448,low,high
how to catch a mermaid,adam wallace,2020,How to Catch a Mermaid,Adam Wallace,4.8,26660.0,5.0,Fiction,22,5,0,0,10.190957102406585,high,high
how to catch a mermaid,adam wallace,2021,How to Catch a Mermaid,Adam Wallace,4.8,26660.0,5.0,Fiction,22,5,0,0,10.190957102406585,high,high
how to catch a unicorn,adam wallace,2020,How to Catch a Unicorn,Adam Wallace,4.8,29902.0,5.0,Fiction,22,5,0,0,10.305714088793774,high,high
how to win friends influence people,dale carnegie,2014,How to Win Friends & Influence People,Dale Carnegie,4.7,25001.0,11.0,Non Fiction,37,7,0,0,10.126711100650509,high,high
how to win friends influence people,dale carnegie,2015,How to Win Friends & Influence People,Dale Carnegie,4.7,25001.0,11.0,Non Fiction,37,7,0,0,10.126711100650509,high,high
how to win friends influence people,dale carnegie,2016,How to Win Friends & Influence People,Dale Carnegie,4.7,25001.0,11.0,Non Fiction,37,7,0,0,10.126711100650509,high,high
how to win friends influence people,dale carnegie,2017,How to Win Friends & Influence People,Dale Carnegie,4.7,25001.0,11.0,Non Fiction,37,7,0,0,10.126711100650509,high,high
how to win friends influence people,dale carnegie,2018,How to Win Friends & Influence People,Dale Carnegie,4.7,25001.0,11.0,Non Fiction,37,7,0,0,10.126711100650509,high,high
how to win friends influence people,dale carnegie,2021,How to Win Friends & Influence People,Dale Carnegie,4.7,61283.0,11.0,Non Fiction,37,7,0,0,11.023274076435644,high,high
how to win friends influence people,dale carnegie,2022,How to Win Friends & Influence People,Dale Carnegie,4.7,61283.0,11.0,Non Fiction,37,7,0,0,11.023274076435644,high,high
howard stern comes again,howard stern,2019,Howard Stern Comes Again,Howard Stern,4.3,5272.0,16.0,Non Fiction,24,4,0,0,8.57035473953047,low,normal
human body activity book for kids handson fun for grades k3,phd katie stokes med,2020,Human Body Activity Book for Kids: Hands-On Fun for Grades K-3,"Ph.D., Katie Stokes, M.Ed.,",4.7,19138.0,5.0,Non Fiction,62,11,1,1,9.859483417038073,middle,high
humans of new york,brandon stanton,2013,Humans of New York,Brandon Stanton,4.8,3490.0,15.0,Non Fiction,18,4,0,0,8.157943507105037,low,high
humans of new york,brandon stanton,2014,Humans of New York,Brandon Stanton,4.8,3490.0,15.0,Non Fiction,18,4,0,0,8.157943507105037,low,high
humans of new york stories,brandon stanton,2015,Humans of New York : Stories,Brandon Stanton,4.9,2812.0,17.0,Non Fiction,28,6,1,0,7.9420068084898565,low,very_high
hyperbole and a half unfortunate situations flawed coping mechanisms mayhem and other things that happened,allie brosh,2013,"Hyperbole and a Half: Unfortunate Situations, Flawed Coping Mechanisms, Mayhem, and Other Things That Happened",Allie Brosh,4.7,4896.0,17.0,Non Fiction,110,15,1,0,8.496378051702317,low,high
i alex cross,james patterson,2009,"I, Alex Cross",James Patterson,4.6,1320.0,7.0,Fiction,13,3,0,0,7.186144304522325,low,high
i am confident brave beautiful a coloring book for girls,hopscotch girls,2019,"I Am Confident, Brave & Beautiful: A Coloring Book for Girls",Hopscotch Girls,4.8,9737.0,7.0,Non Fiction,60,11,1,0,9.183791036742646,middle,high
i am confident brave beautiful a coloring book for girls,hopscotch girls,2020,"I Am Confident, Brave & Beautiful: A Coloring Book for Girls",Hopscotch Girls,4.8,29913.0,7.0,Non Fiction,60,11,1,0,10.306081877219272,high,high
i am confident brave beautiful a coloring book for girls,hopscotch girls,2021,"I Am Confident, Brave & Beautiful: A Coloring Book for Girls",Hopscotch Girls,4.8,29913.0,7.0,Non Fiction,60,11,1,0,10.306081877219272,high,high
i love you to the moon and back,amelia hepworth,2020,I Love You to the Moon and Back,Amelia Hepworth,4.9,51188.0,4.0,Fiction,31,8,0,0,10.843279944195375,high,very_high
i love you to the moon and back,amelia hepworth,2021,I Love You to the Moon and Back,Amelia Hepworth,4.9,51188.0,4.0,Fiction,31,8,0,0,10.843279944195375,high,very_high
i love you to the moon and back,amelia hepworth,2022,I Love You to the Moon and Back,Amelia Hepworth,4.9,51188.0,4.0,Fiction,31,8,0,0,10.843279944195375,high,very_high
if animals kissed good night,ann whitford paul,2017,If Animals Kissed Good Night,Ann Whitford Paul,4.8,16643.0,4.0,Fiction,28,5,0,0,9.719805070102831,middle,high
if animals kissed good night,ann whitford paul,2019,If Animals Kissed Good Night,Ann Whitford Paul,4.8,16643.0,4.0,Fiction,28,5,0,0,9.719805070102831,middle,high
if animals kissed good night,ann whitford paul,2020,If Animals Kissed Good Night,Ann Whitford Paul,4.8,63659.0,4.0,Fiction,28,5,0,0,11.061311700836084,high,high
if animals kissed good night,ann whitford paul,2021,If Animals Kissed Good Night,Ann Whitford Paul,4.8,63658.0,4.0,Fiction,28,5,0,0,11.061295992261558,high,high
if animals kissed good night,ann whitford paul,2022,If Animals Kissed Good Night,Ann Whitford Paul,4.8,63658.0,4.0,Fiction,28,5,0,0,11.061295992261558,high,high
if i stay,gayle forman,2014,If I Stay,Gayle Forman,4.3,7153.0,9.0,Fiction,9,3,0,0,8.875426919818963,middle,normal
in the garden of beasts love terror and an american family in hitlers berlin,eric larson,2011,"In the Garden of Beasts: Love, Terror, and an American Family in Hitler's Berlin",Eric Larson,4.4,4571.0,21.0,Non Fiction,80,14,1,0,8.427706024914702,low,normal
inferno,dan brown,2013,Inferno,Dan Brown,4.1,29651.0,14.0,Fiction,7,1,0,0,10.29728485577661,high,normal
inheritance book iv inheritance cycle,christopher paolini,2011,Inheritance: Book IV (Inheritance Cycle),Christopher Paolini,4.6,5299.0,20.0,Fiction,40,5,1,0,8.575462099540212,low,high
instant pot pressure cooker cookbook 500 everyday recipes for beginners and advanced users try easy and healthy,jennifer smith,2018,Instant Pot Pressure Cooker Cookbook: 500 Everyday Recipes for Beginners and Advanced Users. Try Easy and Healthy…,Jennifer Smith,4.4,7396.0,13.0,Non Fiction,114,17,1,1,8.908829791587868,middle,normal
instant pot pressure cooker cookbook 500 everyday recipes for beginners and advanced users try easy and healthy,jennifer smith,2019,Instant Pot Pressure Cooker Cookbook: 500 Everyday Recipes for Beginners and Advanced Users. Try Easy and Healthy…,Jennifer Smith,4.4,7396.0,13.0,Non Fiction,114,17,1,1,8.908829791587868,middle,normal
it ends with us a novel 1,colleen hoover,2021,It Ends with Us: A Novel (1),Colleen Hoover,4.7,76135.0,11.0,Fiction,28,7,1,1,11.24027649375218,high,high
it ends with us a novel 1,colleen hoover,2022,It Ends with Us: A Novel (1),Colleen Hoover,4.7,76137.0,11.0,Fiction,28,7,1,1,11.24030276218934,high,high
its not supposed to be this way finding unexpected strength when disappointments leave you shattered,lysa terkeurst,2019,It's Not Supposed to Be This Way: Finding Unexpected Strength When Disappointments Leave You Shattered,Lysa TerKeurst,4.8,7062.0,12.0,Non Fiction,102,15,1,0,8.862625169408922,middle,high
jesus calling enjoying peace in his presence with scripture references,sarah young,2011,Jesus Calling: Enjoying Peace in His Presence (with Scripture References),Sarah Young,4.9,19576.0,8.0,Non Fiction,73,10,1,0,9.882110686776542,high,very_high
jesus calling enjoying peace in his presence with scripture references,sarah young,2012,Jesus Calling: Enjoying Peace in His Presence (with Scripture References),Sarah Young,4.9,19576.0,8.0,Non Fiction,73,10,1,0,9.882110686776542,high,very_high
jesus calling enjoying peace in his presence with scripture references,sarah young,2013,Jesus Calling: Enjoying Peace in His Presence (with Scripture References),Sarah Young,4.9,19576.0,8.0,Non Fiction,73,10,1,0,9.882110686776542,high,very_high
jesus calling enjoying peace in his presence with scripture references,sarah young,2014,Jesus Calling: Enjoying Peace in His Presence (with Scripture References),Sarah Young,4.9,19576.0,8.0,Non Fiction,73,10,1,0,9.882110686776542,high,very_high
jesus calling enjoying peace in his presence with scripture references,sarah young,2015,Jesus Calling: Enjoying Peace in His Presence (with Scripture References),Sarah Young,4.9,19576.0,8.0,Non Fiction,73,10,1,0,9.882110686776542,high,very_high
jesus calling enjoying peace in his presence with scripture references,sarah young,2016,Jesus Calling: Enjoying Peace in His Presence (with Scripture References),Sarah Young,4.9,19576.0,8.0,Non Fiction,73,10,1,0,9.882110686776542,high,very_high
journey to the ice p,rh disney,2014,JOURNEY TO THE ICE P,RH Disney,4.6,978.0,0.0,Fiction,20,5,0,0,6.88653164253051,low,high
joyland hard case crime,stephen king,2013,Joyland (Hard Case Crime),Stephen King,4.5,4748.0,12.0,Fiction,25,4,0,0,8.465689348549121,low,normal
killers of the flower moon the osage murders and the birth of the fbi,david grann,2017,Killers of the Flower Moon: The Osage Murders and the Birth of the FBI,David Grann,4.6,8393.0,17.0,Non Fiction,70,14,1,0,9.035272443893536,middle,high
killing jesus bill oreillys killing series,bill oreilly,2013,Killing Jesus (Bill O'Reilly's Killing Series),Bill O'Reilly,4.5,11391.0,12.0,Non Fiction,46,6,0,0,9.340666633651757,middle,normal
killing kennedy the end of camelot,bill oreilly,2012,Killing Kennedy: The End of Camelot,Bill O'Reilly,4.6,8634.0,25.0,Non Fiction,35,6,1,0,9.06357899058078,middle,high
killing lincoln the shocking assassination that changed america forever bill oreillys killing series,bill oreilly,2011,Killing Lincoln: The Shocking Assassination that Changed America Forever (Bill O'Reilly's Killing Series),Bill O'Reilly,4.7,9342.0,10.0,Non Fiction,105,13,1,0,9.142382678792956,middle,high
killing lincoln the shocking assassination that changed america forever bill oreillys killing series,bill oreilly,2012,Killing Lincoln: The Shocking Assassination that Changed America Forever (Bill O'Reilly's Killing Series),Bill O'Reilly,4.7,9342.0,10.0,Non Fiction,105,13,1,0,9.142382678792956,middle,high
killing patton the strange death of world war iis most audacious general bill oreillys killing series,bill oreilly,2014,Killing Patton: The Strange Death of World War II's Most Audacious General (Bill O'Reilly's Killing Series),Bill O'Reilly,4.6,10927.0,6.0,Non Fiction,107,16,1,0,9.29908358181057,middle,high
killing reagan the violent assault that changed a presidency bill oreillys killing series,bill oreilly,2015,Killing Reagan: The Violent Assault That Changed a Presidency (Bill O'Reilly's Killing Series),Bill O'Reilly,4.6,5235.0,5.0,Non Fiction,94,13,1,0,8.56331312702979,low,high
killing the rising sun how america vanquished world war ii japan bill oreillys killing series,bill oreilly,2016,Killing the Rising Sun: How America Vanquished World War II Japan (Bill O'Reilly's Killing Series),Bill O'Reilly,4.8,8916.0,6.0,Non Fiction,98,15,1,0,9.095714846134879,middle,high
kitchen confidential updated edition adventures in the culinary underbelly ps,anthony bourdain,2018,Kitchen Confidential Updated Edition: Adventures in the Culinary Underbelly (P.S.),Anthony Bourdain,4.8,2507.0,8.0,Non Fiction,82,10,1,0,7.827240901752812,low,high
knockknock jokes for kids,rob elliott,2013,Knock-Knock Jokes for Kids,Rob Elliott,4.5,3673.0,4.0,Non Fiction,26,4,0,0,8.20903626577507,low,normal
knockknock jokes for kids,rob elliott,2014,Knock-Knock Jokes for Kids,Rob Elliott,4.5,3673.0,4.0,Non Fiction,26,4,0,0,8.20903626577507,low,normal
knockknock jokes for kids,rob elliott,2015,Knock-Knock Jokes for Kids,Rob Elliott,4.5,3673.0,4.0,Non Fiction,26,4,0,0,8.20903626577507,low,normal
last week tonight with john oliver presents a day in the life of marlon bundo better bundo book lgbt childrens book,jill twiss,2018,"Last Week Tonight with John Oliver Presents A Day in the Life of Marlon Bundo (Better Bundo Book, LGBT Childrens Book)",Jill Twiss,4.9,11881.0,13.0,Fiction,119,21,0,0,9.382779928915687,middle,very_high
laughoutloud jokes for kids,rob elliott,2013,Laugh-Out-Loud Jokes for Kids,Rob Elliott,4.6,6990.0,4.0,Non Fiction,29,4,0,0,8.852378886511985,middle,high
laughoutloud jokes for kids,rob elliott,2014,Laugh-Out-Loud Jokes for Kids,Rob Elliott,4.6,6990.0,4.0,Non Fiction,29,4,0,0,8.852378886511985,middle,high
laughoutloud jokes for kids,rob elliott,2015,Laugh-Out-Loud Jokes for Kids,Rob Elliott,4.6,6990.0,4.0,Non Fiction,29,4,0,0,8.852378886511985,middle,high
laughoutloud jokes for kids,rob elliott,2016,Laugh-Out-Loud Jokes for Kids,Rob Elliott,4.6,6990.0,4.0,Non Fiction,29,4,0,0,8.852378886511985,middle,high
laughoutloud jokes for kids,rob elliott,2017,Laugh-Out-Loud Jokes for Kids,Rob Elliott,4.6,6990.0,4.0,Non Fiction,29,4,0,0,8.852378886511985,middle,high
lean in women work and the will to lead,sheryl sandberg,2013,"Lean In: Women, Work, and the Will to Lead",Sheryl Sandberg,4.5,6132.0,13.0,Non Fiction,42,9,1,0,8.721439305625983,low,normal
leonardo da vinci,walter isaacson,2017,Leonardo da Vinci,Walter Isaacson,4.5,3014.0,21.0,Non Fiction,17,3,0,0,8.011355109161286,low,normal
lettering and modern calligraphy a beginners guide learn hand lettering and brush lettering,paper peony press,2018,Lettering and Modern Calligraphy: A Beginner's Guide: Learn Hand Lettering and Brush Lettering,Paper Peony Press,4.4,7550.0,6.0,Non Fiction,94,13,1,0,8.929435283803425,middle,normal
liberty and tyranny a conservative manifesto,mark r levin,2009,Liberty and Tyranny: A Conservative Manifesto,Mark R. Levin,4.8,3828.0,15.0,Non Fiction,45,6,1,0,8.250358951477294,low,high
life,keith richards,2010,Life,Keith Richards,4.5,2752.0,18.0,Non Fiction,4,1,0,0,7.920446505142607,low,normal
life force how new breakthroughs in precision medicine can transform the quality of your life those you love,tony robbins,2022,Life Force: How New Breakthroughs in Precision Medicine Can Transform the Quality of Your Life & Those You Love,Tony Robbins,4.5,1213.0,20.0,Non Fiction,111,19,1,0,7.101675971619444,low,normal
little bee a novel,chris cleave,2010,Little Bee: A Novel,Chris Cleave,4.1,1467.0,10.0,Fiction,19,4,1,0,7.291656209174461,low,normal
little blue truck,alice schertle,2014,Little Blue Truck,Alice Schertle,4.9,1884.0,0.0,Fiction,17,3,0,0,7.541683099882111,low,very_high
little blue trucks valentine,alice schertle,2022,Little Blue Truck's Valentine,Alice Schertle,4.9,6959.0,11.0,Fiction,29,4,0,0,8.847934753328465,middle,very_high
little fires everywhere,celeste ng,2018,Little Fires Everywhere,Celeste Ng,4.5,25706.0,12.0,Fiction,23,3,0,0,10.154518607337229,high,normal
little fires everywhere a novel,celeste ng,2020,Little Fires Everywhere: A Novel,Celeste Ng,4.5,53363.0,10.0,Fiction,32,5,1,0,10.884891640298697,high,normal
live free or die america and the world on the brink,sean hannity,2020,Live Free Or Die: America (and the World) on the Brink,Sean Hannity,4.8,23944.0,13.0,Non Fiction,54,11,1,0,10.08351481277671,high,high
llama llama i love you,anna dewdney,2022,Llama Llama I Love You,Anna Dewdney,4.8,9361.0,5.0,Fiction,22,5,0,0,9.144414221860016,middle,high
looking for alaska,john green,2014,Looking for Alaska,John Green,4.5,8491.0,7.0,Fiction,18,3,0,0,9.046879822823147,middle,normal
love wins a book about heaven hell and the fate of every person who ever lived,rob bell,2011,"Love Wins: A Book About Heaven, Hell, and the Fate of Every Person Who Ever Lived",Rob Bell,4.2,1649.0,13.0,Non Fiction,81,16,1,0,7.408530566894626,low,normal
love you forever,robert munsch,2014,Love You Forever,Robert Munsch,4.8,18613.0,5.0,Fiction,16,3,0,0,9.831669264745656,middle,high
love you forever,robert munsch,2015,Love You Forever,Robert Munsch,4.8,18613.0,5.0,Fiction,16,3,0,0,9.831669264745656,middle,high
magnolia table a collection of recipes for gathering,joanna gaines,2018,Magnolia Table: A Collection of Recipes for Gathering,Joanna Gaines,4.8,9867.0,16.0,Non Fiction,53,8,1,0,9.197052477649247,middle,high
magnolia table volume 2 a collection of recipes for gathering,joanna gaines,2020,"Magnolia Table, Volume 2: A Collection of Recipes for Gathering",Joanna Gaines,4.9,24352.0,17.0,Non Fiction,63,10,1,1,10.100410324207255,high,very_high
make it ahead a barefoot contessa cookbook,ina garten,2014,Make It Ahead: A Barefoot Contessa Cookbook,Ina Garten,4.5,1386.0,20.0,Non Fiction,43,7,1,0,7.234898420314831,low,normal
make your bed little things that can change your lifeand maybe the world,admiral william h mcraven,2017,Make Your Bed: Little Things That Can Change Your Life...And Maybe the World,Admiral William H. McRaven,4.7,10199.0,11.0,Non Fiction,76,13,1,0,9.230142999272362,middle,high
mastering the art of french cooking vol 2,julia child,2009,"Mastering the Art of French Cooking, Vol. 2",Julia Child,4.8,2926.0,27.0,Non Fiction,43,8,0,1,7.9817332866918855,low,high
maus i a survivors tale my father bleeds history,art spiegelman,2022,Maus I: A Survivor's Tale: My Father Bleeds History,Art Spiegelman,4.7,2438.0,14.0,Fiction,51,9,1,0,7.79934339821592,low,high
midnight sun,stephenie meyer,2020,Midnight Sun,Stephenie Meyer,4.8,79334.0,14.0,Fiction,12,2,0,0,11.28143467216819,high,high
milk and honey,rupi kaur,2016,Milk and Honey,Rupi Kaur,4.7,17739.0,8.0,Non Fiction,14,3,0,0,9.78357725586357,middle,high
milk and honey,rupi kaur,2017,Milk and Honey,Rupi Kaur,4.7,17739.0,8.0,Non Fiction,14,3,0,0,9.78357725586357,middle,high
milk and honey,rupi kaur,2018,Milk and Honey,Rupi Kaur,4.7,17739.0,8.0,Non Fiction,14,3,0,0,9.78357725586357,middle,high
milk and vine inspirational quotes from classic vines,adam gasiewski,2017,Milk and Vine: Inspirational Quotes From Classic Vines,Adam Gasiewski,4.4,3113.0,6.0,Non Fiction,54,8,1,0,8.043663352393944,low,normal
mindset the new psychology of success,carol s dweck,2014,Mindset: The New Psychology of Success,Carol S. Dweck,4.6,5542.0,10.0,Non Fiction,38,6,1,0,8.620291149419804,low,high
mindset the new psychology of success,carol s dweck,2015,Mindset: The New Psychology of Success,Carol S. Dweck,4.6,5542.0,10.0,Non Fiction,38,6,1,0,8.620291149419804,low,high
mindset the new psychology of success,carol s dweck,2016,Mindset: The New Psychology of Success,Carol S. Dweck,4.6,5542.0,10.0,Non Fiction,38,6,1,0,8.620291149419804,low,high
mockingjay the hunger games,suzanne collins,2010,Mockingjay (The Hunger Games),Suzanne Collins,4.5,26741.0,8.0,Fiction,29,4,0,0,10.193990642174612,high,normal
mockingjay the hunger games,suzanne collins,2011,Mockingjay (The Hunger Games),Suzanne Collins,4.5,26741.0,8.0,Fiction,29,4,0,0,10.193990642174612,high,normal
mockingjay the hunger games,suzanne collins,2012,Mockingjay (The Hunger Games),Suzanne Collins,4.5,26741.0,8.0,Fiction,29,4,0,0,10.193990642174612,high,normal
modern comfort food a barefoot contessa cookbook,ina garten,2020,Modern Comfort Food: A Barefoot Contessa Cookbook,Ina Garten,4.8,16097.0,19.0,Non Fiction,49,7,1,0,9.686450319653678,middle,high
my first learntowrite workbook practice for kids with pen control line tracing letters and more,crystal radke,2020,"My First Learn-to-Write Workbook: Practice for Kids with Pen Control, Line Tracing, Letters, and More!",Crystal Radke,4.8,69801.0,5.0,Non Fiction,102,15,1,0,11.153417941635094,high,high
my first learntowrite workbook practice for kids with pen control line tracing letters and more,crystal radke,2021,"My First Learn-to-Write Workbook: Practice for Kids with Pen Control, Line Tracing, Letters, and More!",Crystal Radke,4.8,69801.0,5.0,Non Fiction,102,15,1,0,11.153417941635094,high,high
my first learntowrite workbook practice for kids with pen control line tracing letters and more,crystal radke,2022,"My First Learn-to-Write Workbook: Practice for Kids with Pen Control, Line Tracing, Letters, and More!",Crystal Radke,4.8,69801.0,5.0,Non Fiction,102,15,1,0,11.153417941635094,high,high
my first library boxset of 10 board books for kids,wonder house books,2021,My First Library : Boxset of 10 Board Books for Kids,Wonder House Books,4.6,39852.0,16.0,Non Fiction,52,11,1,1,10.592952963693447,high,high
my little golden book about betty white,deborah hopkinson,2022,My Little Golden Book About Betty White,Deborah Hopkinson,4.9,4910.0,6.0,Non Fiction,39,7,0,0,8.499232866039245,low,very_high
national geographic kids why over 1111 answers to everything,crispin boyer,2019,"National Geographic Kids Why?: Over 1,111 Answers to Everything",Crispin Boyer,4.8,5347.0,16.0,Non Fiction,63,9,1,1,8.584477938221834,low,high
national geographic little kids first big book of why national geographic little kids first big books,amy shields,2019,National Geographic Little Kids First Big Book of Why (National Geographic Little Kids First Big Books),Amy Shields,4.8,7866.0,11.0,Non Fiction,103,16,0,0,8.970432074329242,middle,high
new moon the twilight saga,stephenie meyer,2009,New Moon (The Twilight Saga),Stephenie Meyer,4.6,5680.0,10.0,Fiction,28,5,0,0,8.644882552557126,low,high
night night,elie wiesel,2016,Night (Night),Elie Wiesel,4.7,5178.0,9.0,Non Fiction,13,2,0,0,8.552367266423891,low,high
no easy day the autobiography of a navy seal the firsthand account of the mission that killed osama bin laden,mark owen,2012,No Easy Day: The Autobiography of a Navy Seal: The Firsthand Account of the Mission That Killed Osama Bin Laden,Mark Owen,4.6,8093.0,14.0,Non Fiction,111,20,1,0,8.998878325435811,middle,high
november 9 a novel,colleen hoover,2022,November 9: A Novel,Colleen Hoover,4.7,17592.0,13.0,Fiction,19,4,1,1,9.775256374639046,middle,high
obama an intimate portrait,pete souza,2017,Obama: An Intimate Portrait,Pete Souza,4.9,3192.0,22.0,Non Fiction,27,4,1,0,8.068716192714781,low,very_high
oh the places youll go,dr seuss,2012,"Oh, the Places You'll Go!",Dr. Seuss,4.9,21834.0,8.0,Fiction,25,5,0,0,9.991269465919661,high,very_high
oh the places youll go,dr seuss,2013,"Oh, the Places You'll Go!",Dr. Seuss,4.9,21834.0,8.0,Fiction,25,5,0,0,9.991269465919661,high,very_high
oh the places youll go,dr seuss,2014,"Oh, the Places You'll Go!",Dr. Seuss,4.9,21834.0,8.0,Fiction,25,5,0,0,9.991269465919661,high,very_high
oh the places youll go,dr seuss,2015,"Oh, the Places You'll Go!",Dr. Seuss,4.9,21834.0,8.0,Fiction,25,5,0,0,9.991269465919661,high,very_high
oh the places youll go,dr seuss,2016,"Oh, the Places You'll Go!",Dr. Seuss,4.9,21834.0,8.0,Fiction,25,5,0,0,9.991269465919661,high,very_high
oh the places youll go,dr seuss,2017,"Oh, the Places You'll Go!",Dr. Seuss,4.9,21834.0,8.0,Fiction,25,5,0,0,9.991269465919661,high,very_high
oh the places youll go,dr seuss,2018,"Oh, the Places You'll Go!",Dr. Seuss,4.9,21834.0,8.0,Fiction,25,5,0,0,9.991269465919661,high,very_high
oh the places youll go,dr seuss,2019,"Oh, the Places You'll Go!",Dr. Seuss,4.9,21834.0,8.0,Fiction,25,5,0,0,9.991269465919661,high,very_high
oh the places youll go,dr seuss,2021,"Oh, the Places You'll Go!  ",Dr. Seuss,4.9,35287.0,9.0,Fiction,27,5,0,0,10.471298241784776,high,very_high
old school diary of a wimpy kid 10,jeff kinney,2015,Old School (Diary of a Wimpy Kid #10),Jeff Kinney,4.8,6169.0,7.0,Fiction,37,8,0,1,8.727454116899434,low,high
olive kitteridge,elizabeth strout,2009,Olive Kitteridge,Elizabeth Strout,4.2,4519.0,12.0,Fiction,16,2,0,0,8.416267272826277,low,normal
one thousand gifts a dare to live fully right where you are,ann voskamp,2011,One Thousand Gifts: A Dare to Live Fully Right Where You Are,Ann Voskamp,4.6,3163.0,13.0,Non Fiction,60,12,1,0,8.059592328887545,low,high
one thousand gifts a dare to live fully right where you are,ann voskamp,2012,One Thousand Gifts: A Dare to Live Fully Right Where You Are,Ann Voskamp,4.6,3163.0,13.0,Non Fiction,60,12,1,0,8.059592328887545,low,high
option b facing adversity building resilience and finding joy,sheryl sandberg,2017,"Option B: Facing Adversity, Building Resilience, and Finding Joy",Sheryl Sandberg,4.5,1831.0,9.0,Non Fiction,64,9,1,0,7.513163545234075,low,normal
origin a novel robert langdon,dan brown,2017,Origin: A Novel (Robert Langdon),Dan Brown,4.3,18904.0,13.0,Fiction,32,5,1,0,9.847181716325034,middle,normal
orphan train,christina baker kline,2014,Orphan Train,Christina Baker Kline,4.6,21930.0,11.0,Fiction,12,2,0,0,9.995656440007505,high,high
outliers the story of success,malcolm gladwell,2009,Outliers: The Story of Success,Malcolm Gladwell,4.6,10426.0,20.0,Non Fiction,30,5,1,0,9.252153874789594,middle,high
outliers the story of success,malcolm gladwell,2010,Outliers: The Story of Success,Malcolm Gladwell,4.6,10426.0,20.0,Non Fiction,30,5,1,0,9.252153874789594,middle,high
p is for potty sesame street lifttheflap,naomi kleinberg,2018,P is for Potty! (Sesame Street) (Lift-the-Flap),Naomi Kleinberg,4.7,10820.0,5.0,Non Fiction,47,7,0,0,9.289243969571649,middle,high
p is for potty sesame street lifttheflap,naomi kleinberg,2019,P is for Potty! (Sesame Street) (Lift-the-Flap),Naomi Kleinberg,4.7,10820.0,5.0,Non Fiction,47,7,0,0,9.289243969571649,middle,high
paint by sticker kids unicorns magic create 10 pictures one sticker at a time includes glitter stickers,workman publishing,2020,Paint by Sticker Kids: Unicorns & Magic: Create 10 Pictures One Sticker at a Time! Includes Glitter Stickers,Workman Publishing,4.8,17639.0,7.0,Non Fiction,108,18,1,1,9.777924329560783,middle,high
paint by sticker kids zoo animals create 10 pictures one sticker at a time,workman publishing,2020,Paint by Sticker Kids: Zoo Animals: Create 10 Pictures One Sticker at a Time!,Workman Publishing,4.8,20182.0,8.0,Non Fiction,77,14,1,1,9.912595944900119,high,high
paint by sticker kids zoo animals create 10 pictures one sticker at a time,workman publishing,2021,Paint by Sticker Kids: Zoo Animals: Create 10 Pictures One Sticker at a Time!,Workman Publishing,4.8,20182.0,8.0,Non Fiction,77,14,1,1,9.912595944900119,high,high
percy jackson and the olympians paperback boxed set books 13,rick riordan,2010,Percy Jackson and the Olympians Paperback Boxed Set (Books 1-3),Rick Riordan,4.8,548.0,2.0,Fiction,63,10,0,1,6.3080984415095305,low,high
peril,bob woodward,2021,Peril,Bob Woodward,4.6,16861.0,15.0,Non Fiction,5,1,0,0,9.732817848482622,middle,high
players handbook dungeons dragons,wizards rpg team,2017,Player's Handbook (Dungeons & Dragons),Wizards RPG Team,4.8,16990.0,27.0,Fiction,38,5,0,0,9.740439071085758,middle,high
players handbook dungeons dragons,wizards rpg team,2018,Player's Handbook (Dungeons & Dragons),Wizards RPG Team,4.8,16990.0,27.0,Fiction,38,5,0,0,9.740439071085758,middle,high
players handbook dungeons dragons,wizards rpg team,2019,Player's Handbook (Dungeons & Dragons),Wizards RPG Team,4.8,16990.0,27.0,Fiction,38,5,0,0,9.740439071085758,middle,high
pokmon deluxe essential handbook the needtoknow stats and facts on over 700 pokmon,scholastic,2016,Pokémon Deluxe Essential Handbook: The Need-to-Know Stats and Facts on Over 700 Pokémon,Scholastic,4.7,3503.0,9.0,Fiction,87,13,1,1,8.161660452056282,low,high
prayer journal for women 52 week scripture devotional guided prayer journal,shannon roberts,2020,"Prayer Journal for Women: 52 Week Scripture, Devotional & Guided Prayer Journal",Shannon Roberts,4.8,39234.0,10.0,Non Fiction,79,12,1,1,10.577324484561574,high,high
principles for dealing with the changing world order why nations succeed and fail,ray dalio,2022,Principles for Dealing with the Changing World Order: Why Nations Succeed and Fail,Ray Dalio,4.5,1685.0,21.0,Non Fiction,82,13,1,0,7.430114138561801,low,normal
proof of heaven a neurosurgeons journey into the afterlife,eben alexander,2012,Proof of Heaven: A Neurosurgeon's Journey into the Afterlife,Eben Alexander,4.3,13616.0,10.0,Non Fiction,60,9,1,0,9.519074291124575,middle,normal
proof of heaven a neurosurgeons journey into the afterlife,eben alexander,2013,Proof of Heaven: A Neurosurgeon's Journey into the Afterlife,Eben Alexander,4.3,13616.0,10.0,Non Fiction,60,9,1,0,9.519074291124575,middle,normal
publication manual of the american psychological association 6th edition,american psychological association,2009,"Publication Manual of the American Psychological Association, 6th Edition",American Psychological Association,4.5,8580.0,46.0,Non Fiction,73,9,0,1,9.057305735807121,middle,normal
publication manual of the american psychological association 6th edition,american psychological association,2010,"Publication Manual of the American Psychological Association, 6th Edition",American Psychological Association,4.5,8580.0,46.0,Non Fiction,73,9,0,1,9.057305735807121,middle,normal
publication manual of the american psychological association 6th edition,american psychological association,2011,"Publication Manual of the American Psychological Association, 6th Edition",American Psychological Association,4.5,8580.0,46.0,Non Fiction,73,9,0,1,9.057305735807121,middle,normal
publication manual of the american psychological association 6th edition,american psychological association,2012,"Publication Manual of the American Psychological Association, 6th Edition",American Psychological Association,4.5,8580.0,46.0,Non Fiction,73,9,0,1,9.057305735807121,middle,normal
publication manual of the american psychological association 6th edition,american psychological association,2013,"Publication Manual of the American Psychological Association, 6th Edition",American Psychological Association,4.5,8580.0,46.0,Non Fiction,73,9,0,1,9.057305735807121,middle,normal
publication manual of the american psychological association 6th edition,american psychological association,2014,"Publication Manual of the American Psychological Association, 6th Edition",American Psychological Association,4.5,8580.0,46.0,Non Fiction,73,9,0,1,9.057305735807121,middle,normal
publication manual of the american psychological association 6th edition,american psychological association,2015,"Publication Manual of the American Psychological Association, 6th Edition",American Psychological Association,4.5,8580.0,46.0,Non Fiction,73,9,0,1,9.057305735807121,middle,normal
publication manual of the american psychological association 6th edition,american psychological association,2016,"Publication Manual of the American Psychological Association, 6th Edition",American Psychological Association,4.5,8580.0,46.0,Non Fiction,73,9,0,1,9.057305735807121,middle,normal
publication manual of the american psychological association 6th edition,american psychological association,2017,"Publication Manual of the American Psychological Association, 6th Edition",American Psychological Association,4.5,8580.0,46.0,Non Fiction,73,9,0,1,9.057305735807121,middle,normal
publication manual of the american psychological association 6th edition,american psychological association,2018,"Publication Manual of the American Psychological Association, 6th Edition",American Psychological Association,4.5,8580.0,46.0,Non Fiction,73,9,0,1,9.057305735807121,middle,normal
publication manual of the american psychological association 7th edition official 2020 copyright,american psychological association,2021,"Publication Manual of the American Psychological Association: 7th Edition, Official, 2020 Copyright",American Psychological Association,4.8,25374.0,21.0,Non Fiction,99,12,1,1,10.141519716344089,high,high
puppy birthday to you paw patrol little golden book,golden books,2017,Puppy Birthday to You! (Paw Patrol) (Little Golden Book),Golden Books,4.8,4757.0,4.0,Fiction,56,9,0,0,8.467582690862903,low,high
quiet the power of introverts in a world that cant stop talking,susan cain,2012,Quiet: The Power of Introverts in a World That Can't Stop Talking,Susan Cain,4.6,10009.0,20.0,Non Fiction,65,12,1,0,9.211339872309265,middle,high
quiet the power of introverts in a world that cant stop talking,susan cain,2013,Quiet: The Power of Introverts in a World That Can't Stop Talking,Susan Cain,4.6,10009.0,7.0,Non Fiction,65,12,1,0,9.211339872309265,middle,high
radical taking back your faith from the american dream,david platt,2010,Radical: Taking Back Your Faith from the American Dream,David Platt,4.7,1985.0,9.0,Non Fiction,55,9,1,0,7.593877844605118,low,high
radical taking back your faith from the american dream,david platt,2011,Radical: Taking Back Your Faith from the American Dream,David Platt,4.7,1985.0,9.0,Non Fiction,55,9,1,0,7.593877844605118,low,high
rage,bob woodward,2020,Rage,Bob Woodward,4.6,33469.0,8.0,Non Fiction,4,1,0,0,10.418404794205372,high,high
rand mcnally 2022 large scale road atlas,rand mcnally,2022,Rand McNally 2022 Large Scale Road Atlas,Rand McNally,4.7,10404.0,17.0,Non Fiction,40,7,0,1,9.250041738827735,middle,high
ready player one a novel,ernest cline,2017,Ready Player One: A Novel,Ernest Cline,4.6,22536.0,12.0,Fiction,25,5,1,0,10.022913682018666,high,high
ready player one a novel,ernest cline,2018,Ready Player One: A Novel,Ernest Cline,4.6,22536.0,12.0,Fiction,25,5,1,0,10.022913682018666,high,high
redhanded how american elites get rich helping china win,peter schweizer,2022,Red-Handed: How American Elites Get Rich Helping China Win,Peter Schweizer,4.8,3366.0,18.0,Non Fiction,58,9,1,0,8.121777419161074,low,high
reminders of him a novel,colleen hoover,2022,Reminders of Him: A Novel,Colleen Hoover,4.7,56049.0,13.0,Fiction,25,5,1,0,10.933999428500305,high,high
rich dad poor dad what the rich teach their kids about money that the poor and middle class do not,robert t kiyosaki,2021,Rich Dad Poor Dad: What the Rich Teach Their Kids About Money That the Poor and Middle Class Do Not!,Robert T. Kiyosaki,4.7,71078.0,13.0,Non Fiction,100,20,1,0,11.171547213514586,high,high
rich dad poor dad what the rich teach their kids about money that the poor and middle class do not,robert t kiyosaki,2022,Rich Dad Poor Dad: What the Rich Teach Their Kids About Money That the Poor and Middle Class Do Not!,Robert T. Kiyosaki,4.7,71078.0,7.0,Non Fiction,100,20,1,0,11.171547213514586,high,high
run rose run a novel,james patterson,2022,"Run, Rose, Run: A Novel",James Patterson,4.5,4828.0,18.0,Fiction,23,5,1,0,8.482394685873542,low,normal
rush revere and the brave pilgrims timetravel adventures with exceptional americans 1,rush limbaugh,2013,Rush Revere and the Brave Pilgrims: Time-Travel Adventures with Exceptional Americans (1),Rush Limbaugh,4.9,7150.0,12.0,Fiction,89,12,1,1,8.875007486048396,middle,very_high
rush revere and the first patriots timetravel adventures with exceptional americans 2,rush limbaugh,2014,Rush Revere and the First Patriots: Time-Travel Adventures With Exceptional Americans (2),Rush Limbaugh,4.9,3836.0,12.0,Fiction,89,12,1,1,8.252446090246952,low,very_high
salt fat acid heat mastering the elements of good cooking,samin nosrat,2018,"Salt, Fat, Acid, Heat: Mastering the Elements of Good Cooking",Samin Nosrat,4.8,7802.0,20.0,Non Fiction,61,10,1,0,8.962263554116761,middle,high
salt fat acid heat mastering the elements of good cooking,samin nosrat,2019,"Salt, Fat, Acid, Heat: Mastering the Elements of Good Cooking",Samin Nosrat,4.8,7802.0,20.0,Non Fiction,61,10,1,0,8.962263554116761,middle,high
sarahs key,tatiana de rosnay,2010,Sarah's Key,Tatiana de Rosnay,4.6,3619.0,10.0,Fiction,11,2,0,0,8.194229304819817,low,high
school zone big preschool workbook 320 pages ages 3 to 5 colors shapes numbers early math alphabet prewriting phonics following directions and more school zone big workbook series,school zone,2020,"School Zone - Big Preschool Workbook - 320 Pages, Ages 3 to 5, Colors, Shapes, Numbers, Early Math, Alphabet, Pre-Writing, Phonics, Following Directions, and More (School Zone Big Workbook Series)",School Zone,4.8,60501.0,6.0,Non Fiction,196,30,0,1,11.010431701323773,high,high
school zone big preschool workbook 320 pages ages 3 to 5 colors shapes numbers early math alphabet prewriting phonics following directions and more school zone big workbook series,school zone,2021,"School Zone - Big Preschool Workbook - 320 Pages, Ages 3 to 5, Colors, Shapes, Numbers, Early Math, Alphabet, Pre-Writing, Phonics, Following Directions, and More (School Zone Big Workbook Series)",School Zone,4.8,60501.0,6.0,Non Fiction,196,30,0,1,11.010431701323773,high,high
school zone big preschool workbook 320 pages ages 3 to 5 colors shapes numbers early math alphabet prewriting phonics following directions and more school zone big workbook series,school zone,2022,"School Zone - Big Preschool Workbook - 320 Pages, Ages 3 to 5, Colors, Shapes, Numbers, Early Math, Alphabet, Pre-Writing, Phonics, Following Directions, and More (School Zone Big Workbook Series)",School Zone,4.8,60501.0,6.0,Non Fiction,196,30,0,1,11.010431701323773,high,high
school zone big preschool workbook ages 4 and up colors shapes numbers 110 alphabet prewriting prereading,school zone,2018,"School Zone - Big Preschool Workbook - Ages 4 and Up, Colors, Shapes, Numbers 1-10, Alphabet, Pre-Writing, Pre-Reading…",School Zone,4.8,23047.0,6.0,Non Fiction,119,18,0,1,10.045334276764365,high,high
school zone big preschool workbook ages 4 and up colors shapes numbers 110 alphabet prewriting prereading,school zone,2019,"School Zone - Big Preschool Workbook - Ages 4 and Up, Colors, Shapes, Numbers 1-10, Alphabet, Pre-Writing, Pre-Reading…",School Zone,4.8,23047.0,6.0,Non Fiction,119,18,0,1,10.045334276764365,high,high
secret garden an inky treasure hunt and coloring book for adults mindfulness coloring,johanna basford,2015,"Secret Garden: An Inky Treasure Hunt and Coloring Book (For Adults, mindfulness coloring)",Johanna Basford,4.7,9366.0,9.0,Non Fiction,89,13,1,0,9.14494815320913,middle,high
selflove workbook for women release selfdoubt build selfcompassion and embrace who you are selfhelp workbooks for women,megan logan msw lcsw,2021,"Self-Love Workbook for Women: Release Self-Doubt, Build Self-Compassion, and Embrace Who You Are (Self-Help Workbooks for Women)",Megan Logan MSW LCSW,4.7,11921.0,10.0,Non Fiction,128,17,1,0,9.386140711779872,middle,high
ship of fools how a selfish ruling class is bringing america to the brink of revolution,tucker carlson,2018,Ship of Fools: How a Selfish Ruling Class Is Bringing America to the Brink of Revolution,Tucker Carlson,4.8,3923.0,16.0,Non Fiction,88,16,1,0,8.274866820685254,low,high
shred the revolutionary diet 6 weeks 4 inches 2 sizes,ian k smith md,2013,Shred: The Revolutionary Diet: 6 Weeks 4 Inches 2 Sizes,Ian K. Smith M.D.,4.1,2272.0,6.0,Non Fiction,55,10,1,1,7.728855823852543,low,normal
sht my dad says,justin halpern,2010,Sh*t My Dad Says,Justin Halpern,4.7,1265.0,11.0,Non Fiction,16,4,0,0,7.143617602704121,low,high
sookie stackhouse,charlaine harris,2009,Sookie Stackhouse,Charlaine Harris,4.7,973.0,25.0,Fiction,17,2,0,0,6.881411303642535,low,high
soul healing miracles ancient and new sacred wisdom knowledge and practical techniques for healing the spiritual,zhi gang sha,2013,"Soul Healing Miracles: Ancient and New Sacred Wisdom, Knowledge, and Practical Techniques for Healing the Spiritual…",Zhi Gang Sha,4.6,220.0,17.0,Non Fiction,116,16,1,0,5.3981627015177525,low,high
steve jobs,walter isaacson,2011,Steve Jobs,Walter Isaacson,4.6,7827.0,20.0,Non Fiction,10,2,0,0,8.965462328515967,middle,high
steve jobs,walter isaacson,2012,Steve Jobs,Walter Isaacson,4.6,7827.0,20.0,Non Fiction,10,2,0,0,8.965462328515967,middle,high
strange planet strange planet series,nathan w pyle,2019,Strange Planet (Strange Planet Series),Nathan W. Pyle,4.9,9382.0,6.0,Fiction,38,5,0,0,9.146654820290049,middle,very_high
strengthsfinder 20,gallup,2009,StrengthsFinder 2.0,Gallup,4.0,5069.0,17.0,Non Fiction,19,2,0,1,8.531096096585228,low,normal
strengthsfinder 20,gallup,2010,StrengthsFinder 2.0,Gallup,4.0,5069.0,17.0,Non Fiction,19,2,0,1,8.531096096585228,low,normal
strengthsfinder 20,gallup,2011,StrengthsFinder 2.0,Gallup,4.0,5069.0,17.0,Non Fiction,19,2,0,1,8.531096096585228,low,normal
strengthsfinder 20,gallup,2012,StrengthsFinder 2.0,Gallup,4.0,5069.0,17.0,Non Fiction,19,2,0,1,8.531096096585228,low,normal
strengthsfinder 20,gallup,2013,StrengthsFinder 2.0,Gallup,4.0,5069.0,17.0,Non Fiction,19,2,0,1,8.531096096585228,low,normal
strengthsfinder 20,gallup,2014,StrengthsFinder 2.0,Gallup,4.0,5069.0,17.0,Non Fiction,19,2,0,1,8.531096096585228,low,normal
strengthsfinder 20,gallup,2015,StrengthsFinder 2.0,Gallup,4.0,5069.0,17.0,Non Fiction,19,2,0,1,8.531096096585228,low,normal
strengthsfinder 20,gallup,2016,StrengthsFinder 2.0,Gallup,4.0,5069.0,17.0,Non Fiction,19,2,0,1,8.531096096585228,low,normal
strengthsfinder 20,gallup,2017,StrengthsFinder 2.0,Gallup,4.0,5069.0,17.0,Non Fiction,19,2,0,1,8.531096096585228,low,normal
super freakonomics global cooling patriotic prostitutes and why suicide bombers should buy life insurance,steven d levitt,2009,"Super Freakonomics: Global Cooling, Patriotic Prostitutes, and Why Suicide Bombers Should Buy Life Insurance",Steven D. Levitt,4.5,1583.0,18.0,Non Fiction,108,14,1,0,7.367708572374371,low,normal
switch how to change things when change is hard,chip heath,2010,Switch: How to Change Things When Change Is Hard,Chip Heath,4.6,1907.0,13.0,Non Fiction,48,9,1,0,7.553810852008231,low,high
sycamore row jake brigance,john grisham,2013,Sycamore Row (Jake Brigance),John Grisham,4.5,23114.0,18.0,Fiction,28,4,0,0,10.048237036422325,high,normal
teach like a champion 49 techniques that put students on the path to college,doug lemov,2010,Teach Like a Champion: 49 Techniques that Put Students on the Path to College,Doug Lemov,4.4,637.0,20.0,Non Fiction,77,14,1,1,6.45833828334479,low,normal
teach like a champion 49 techniques that put students on the path to college,doug lemov,2011,Teach Like a Champion: 49 Techniques that Put Students on the Path to College,Doug Lemov,4.4,637.0,20.0,Non Fiction,77,14,1,1,6.45833828334479,low,normal
the 1619 project a new origin story,nikole hannahjones,2022,The 1619 Project: A New Origin Story,Nikole Hannah-Jones,4.8,6657.0,23.0,Non Fiction,36,7,1,1,8.80357441813497,middle,high
the 17 day diet a doctors plan designed for rapid results,mike moreno,2011,The 17 Day Diet: A Doctor's Plan Designed for Rapid Results,Mike Moreno,4.3,2314.0,22.0,Non Fiction,59,11,1,1,7.747164966520335,low,normal
the 4 hour body an uncommon guide to rapid fat loss incredible sex and becoming superhuman,timothy ferriss,2011,"The 4 Hour Body: An Uncommon Guide to Rapid Fat Loss, Incredible Sex and Becoming Superhuman",Timothy Ferriss,4.3,4587.0,21.0,Non Fiction,92,16,1,1,8.431199478249262,low,normal
the 48 laws of power,robert greene,2021,The 48 Laws of Power,Robert Greene,4.7,38568.0,12.0,Non Fiction,20,5,0,1,10.560204123979984,high,high
the 48 laws of power,robert greene,2022,The 48 Laws of Power,Robert Greene,4.7,38568.0,12.0,Non Fiction,20,5,0,1,10.560204123979984,high,high
the 5 love languages the secret to love that lasts,gary chapman,2010,The 5 Love Languages: The Secret to Love That Lasts,Gary Chapman,4.7,3477.0,28.0,Non Fiction,51,10,1,1,8.154212694914229,low,high
the 5 love languages the secret to love that lasts,gary chapman,2011,The 5 Love Languages: The Secret to Love That Lasts,Gary Chapman,4.7,3477.0,28.0,Non Fiction,51,10,1,1,8.154212694914229,low,high
the 5 love languages the secret to love that lasts,gary chapman,2012,The 5 Love Languages: The Secret to Love That Lasts,Gary Chapman,4.7,3477.0,28.0,Non Fiction,51,10,1,1,8.154212694914229,low,high
the 5 love languages the secret to love that lasts,gary chapman,2013,The 5 Love Languages: The Secret to Love That Lasts,Gary Chapman,4.7,3477.0,28.0,Non Fiction,51,10,1,1,8.154212694914229,low,high
the 5 love languages the secret to love that lasts,gary chapman,2014,The 5 Love Languages: The Secret to Love That Lasts,Gary Chapman,4.7,3477.0,28.0,Non Fiction,51,10,1,1,8.154212694914229,low,high
the 5 love languages the secret to love that lasts,gary chapman,2015,The 5 Love Languages: The Secret to Love that Lasts,Gary Chapman,4.8,25554.0,8.0,Non Fiction,51,10,1,1,10.14858827120238,high,high
the 5 love languages the secret to love that lasts,gary chapman,2016,The 5 Love Languages: The Secret to Love that Lasts,Gary Chapman,4.8,25554.0,8.0,Non Fiction,51,10,1,1,10.14858827120238,high,high
the 5 love languages the secret to love that lasts,gary chapman,2017,The 5 Love Languages: The Secret to Love that Lasts,Gary Chapman,4.8,25554.0,8.0,Non Fiction,51,10,1,1,10.14858827120238,high,high
the 5 love languages the secret to love that lasts,gary chapman,2018,The 5 Love Languages: The Secret to Love that Lasts,Gary Chapman,4.8,25554.0,8.0,Non Fiction,51,10,1,1,10.14858827120238,high,high
the 5 love languages the secret to love that lasts,gary chapman,2019,The 5 Love Languages: The Secret to Love that Lasts,Gary Chapman,4.8,25554.0,8.0,Non Fiction,51,10,1,1,10.14858827120238,high,high
the 5 love languages the secret to love that lasts,gary chapman,2020,The 5 Love Languages: The Secret to Love that Lasts,Gary Chapman,4.8,62463.0,8.0,Non Fiction,51,10,1,1,11.042345669772764,high,high
the 5 love languages the secret to love that lasts,gary chapman,2021,The 5 Love Languages: The Secret to Love that Lasts,Gary Chapman,4.8,62463.0,8.0,Non Fiction,51,10,1,1,11.042345669772764,high,high
the 5 love languages the secret to love that lasts,gary chapman,2022,The 5 Love Languages: The Secret to Love that Lasts,Gary Chapman,4.8,62462.0,8.0,Non Fiction,51,10,1,1,11.042329660423304,high,high
the 5000 year leap,w cleon skousen,2009,The 5000 Year Leap,W. Cleon Skousen,4.8,1680.0,12.0,Non Fiction,18,4,0,1,7.427144133408616,low,high
the 7 habits of highly effective people powerful lessons in personal change,stephen r covey,2009,The 7 Habits of Highly Effective People: Powerful Lessons in Personal Change,Stephen R. Covey,4.6,9325.0,24.0,Non Fiction,76,12,1,1,9.140561477368266,middle,high
the 7 habits of highly effective people powerful lessons in personal change,stephen r covey,2011,The 7 Habits of Highly Effective People: Powerful Lessons in Personal Change,Stephen R. Covey,4.6,9325.0,24.0,Non Fiction,76,12,1,1,9.140561477368266,middle,high
the 7 habits of highly effective people powerful lessons in personal change,stephen r covey,2012,The 7 Habits of Highly Effective People: Powerful Lessons in Personal Change,Stephen R. Covey,4.6,9325.0,24.0,Non Fiction,76,12,1,1,9.140561477368266,middle,high
the 7 habits of highly effective people powerful lessons in personal change,stephen r covey,2013,The 7 Habits of Highly Effective People: Powerful Lessons in Personal Change,Stephen R. Covey,4.6,9325.0,24.0,Non Fiction,76,12,1,1,9.140561477368266,middle,high
the 7 habits of highly effective people powerful lessons in personal change,stephen r covey,2015,The 7 Habits of Highly Effective People: Powerful Lessons in Personal Change,Stephen R. Covey,4.7,4725.0,16.0,Non Fiction,76,12,1,1,8.460834457746854,low,high
the 7 habits of highly effective people powerful lessons in personal change,stephen r covey,2016,The 7 Habits of Highly Effective People: Powerful Lessons in Personal Change,Stephen R. Covey,4.7,4725.0,16.0,Non Fiction,76,12,1,1,8.460834457746854,low,high
the 7 habits of highly effective people powerful lessons in personal change,stephen r covey,2017,The 7 Habits of Highly Effective People: Powerful Lessons in Personal Change,Stephen R. Covey,4.7,4725.0,16.0,Non Fiction,76,12,1,1,8.460834457746854,low,high
the alchemist,paulo coelho,2014,The Alchemist,Paulo Coelho,4.7,35799.0,39.0,Fiction,13,2,0,0,10.485703172388792,high,high
the alchemist 25th anniversary a fable about following your dream,paulo coelho,2021,"The Alchemist, 25th Anniversary: A Fable About Following Your Dream",Paulo Coelho,4.7,71252.0,9.0,Fiction,67,10,1,1,11.173992202507653,high,high
the alchemist 25th anniversary a fable about following your dream,paulo coelho,2022,"The Alchemist, 25th Anniversary: A Fable About Following Your Dream",Paulo Coelho,4.7,71252.0,9.0,Fiction,67,10,1,1,11.173992202507653,high,high
the amateur,edward klein,2012,The Amateur,Edward Klein,4.6,2580.0,9.0,Non Fiction,11,2,0,0,7.855932199718614,low,high
the art of racing in the rain a novel,garth stein,2010,The Art of Racing in the Rain: A Novel,Garth Stein,4.7,11813.0,10.0,Fiction,38,9,1,0,9.37704054786718,middle,high
the art of racing in the rain a novel,garth stein,2011,The Art of Racing in the Rain: A Novel,Garth Stein,4.7,11813.0,10.0,Fiction,38,9,1,0,9.37704054786718,middle,high
the ballad of songbirds and snakes a hunger games novel,suzanne collins,2020,The Ballad of Songbirds and Snakes (A Hunger Games Novel),Suzanne Collins,4.7,43745.0,14.0,Fiction,57,10,0,0,10.686155459034484,high,high
the big book of silly jokes for kids,carole p roman,2020,The Big Book of Silly Jokes for Kids,Carole P. Roman,4.7,18142.0,6.0,Non Fiction,36,8,0,0,9.806040090370162,middle,high
the big short inside the doomsday machine,michael lewis,2010,The Big Short: Inside the Doomsday Machine,Michael Lewis,4.7,3536.0,17.0,Non Fiction,42,7,1,0,8.17103418920548,low,high
the blood of olympus the heroes of olympus 5,rick riordan,2014,The Blood of Olympus (The Heroes of Olympus (5)),Rick Riordan,4.8,6600.0,11.0,Fiction,48,9,0,1,8.79497643168877,middle,high
the blood sugar solution the ultrahealthy program for losing weight preventing disease and feeling great now,mark hyman md,2012,"The Blood Sugar Solution: The UltraHealthy Program for Losing Weight, Preventing Disease, and Feeling Great Now!",Mark Hyman M.D.,4.2,1789.0,14.0,Non Fiction,112,16,1,0,7.489970898834801,low,normal
the body keeps the score brain mind and body in the healing of trauma,bessel van der kolk md,2019,"The Body Keeps the Score: Brain, Mind, and Body in the Healing of Trauma",Bessel van der Kolk M.D.,4.8,12361.0,12.0,Non Fiction,72,14,1,0,9.422382530219219,middle,high
the body keeps the score brain mind and body in the healing of trauma,bessel van der kolk md,2020,"The Body Keeps the Score: Brain, Mind, and Body in the Healing of Trauma",Bessel van der Kolk M.D.,4.8,44642.0,11.0,Non Fiction,72,14,1,0,10.70645279909816,high,high
the body keeps the score brain mind and body in the healing of trauma,bessel van der kolk md,2021,"The Body Keeps the Score: Brain, Mind, and Body in the Healing of Trauma",Bessel van der Kolk M.D.,4.8,44642.0,11.0,Non Fiction,72,14,1,0,10.70645279909816,high,high
the body keeps the score brain mind and body in the healing of trauma,bessel van der kolk md,2022,"The Body Keeps the Score: Brain, Mind, and Body in the Healing of Trauma",Bessel van der Kolk M.D.,4.8,44642.0,11.0,Non Fiction,72,14,1,0,10.70645279909816,high,high
the book of basketball the nba according to the sports guy,bill simmons,2009,The Book of Basketball: The NBA According to The Sports Guy,Bill Simmons,4.7,858.0,53.0,Non Fiction,59,11,1,0,6.755768921984255,low,high
the book thief,markus zusak,2013,The Book Thief,Markus Zusak,4.6,23148.0,6.0,Fiction,14,3,0,0,10.049706862037105,high,high
the book thief,markus zusak,2014,The Book Thief,Markus Zusak,4.6,23148.0,6.0,Fiction,14,3,0,0,10.049706862037105,high,high
the book with no pictures,b j novak,2014,The Book with No Pictures,B. J. Novak,4.8,8081.0,8.0,Fiction,25,5,0,0,8.997394645638419,middle,high
the book with no pictures,b j novak,2015,The Book with No Pictures,B. J. Novak,4.8,8081.0,8.0,Fiction,25,5,0,0,8.997394645638419,middle,high
the boy the mole the fox and the horse,charlie mackesy,2020,"The Boy, the Mole, the Fox and the Horse",Charlie Mackesy,4.8,93749.0,10.0,Fiction,40,9,0,0,11.448386943832658,high,high
the boy the mole the fox and the horse,charlie mackesy,2021,"The Boy, the Mole, the Fox and the Horse",Charlie Mackesy,4.8,93749.0,10.0,Fiction,40,9,0,0,11.448386943832658,high,high
the boy the mole the fox and the horse,charlie mackesy,2022,"The Boy, the Mole, the Fox and the Horse",Charlie Mackesy,4.8,93749.0,10.0,Fiction,40,9,0,0,11.448386943832658,high,high
the boys in the boat nine americans and their epic quest for gold at the 1936 berlin olympics,daniel james brown,2014,The Boys in the Boat: Nine Americans and Their Epic Quest for Gold at the 1936 Berlin Olympics,Daniel James Brown,4.8,23358.0,12.0,Non Fiction,94,18,1,1,10.058737627806687,high,high
the boys in the boat nine americans and their epic quest for gold at the 1936 berlin olympics,daniel james brown,2015,The Boys in the Boat: Nine Americans and Their Epic Quest for Gold at the 1936 Berlin Olympics,Daniel James Brown,4.8,23358.0,12.0,Non Fiction,94,18,1,1,10.058737627806687,high,high
the casual vacancy,jk rowling,2012,The Casual Vacancy,J.K. Rowling,3.3,9372.0,12.0,Fiction,18,3,0,0,9.145588494746486,middle,normal
the china study the most comprehensive study of nutrition ever conducted and the startling implications for diet,thomas campbell,2011,The China Study: The Most Comprehensive Study of Nutrition Ever Conducted And the Startling Implications for Diet…,Thomas Campbell,4.7,4633.0,21.0,Non Fiction,114,17,1,0,8.441175704992322,low,high
the complete ketogenic diet for beginners your essential guide to living the keto lifestyle,amy ramos,2018,The Complete Ketogenic Diet for Beginners: Your Essential Guide to Living the Keto Lifestyle,Amy Ramos,4.3,13061.0,6.0,Non Fiction,92,14,1,0,9.477462530462603,middle,normal
the complete ketogenic diet for beginners your essential guide to living the keto lifestyle,amy ramos,2019,The Complete Ketogenic Diet for Beginners: Your Essential Guide to Living the Keto Lifestyle,Amy Ramos,4.3,13061.0,6.0,Non Fiction,92,14,1,0,9.477462530462603,middle,normal
the complete maus a survivors tale pantheon graphic library,art spiegelman,2022,The Complete Maus: A Survivor's Tale (Pantheon Graphic Library),Art Spiegelman,4.8,5349.0,32.0,Fiction,63,9,1,0,8.584851839890053,low,high
the confession a novel,john grisham,2010,The Confession: A Novel,John Grisham,4.3,3523.0,13.0,Fiction,23,4,1,0,8.16735198705607,low,normal
the constitution of the united states,delegates of the constitutional,2016,The Constitution of the United States,Delegates of the Constitutional,4.8,2774.0,0.0,Non Fiction,37,6,0,0,7.928406026180535,low,high
the daily show with jon stewart presents earth the book a visitors guide to the human race,jon stewart,2010,The Daily Show with Jon Stewart Presents Earth (The Book): A Visitor's Guide to the Human Race,Jon Stewart,4.4,440.0,11.0,Non Fiction,94,17,1,0,6.089044875446846,low,normal
the day the crayons quit,drew daywalt,2013,The Day the Crayons Quit,Drew Daywalt,4.8,8922.0,9.0,Fiction,24,5,0,0,9.09638749190015,middle,high
the day the crayons quit,drew daywalt,2014,The Day the Crayons Quit,Drew Daywalt,4.8,8922.0,9.0,Fiction,24,5,0,0,9.09638749190015,middle,high
the day the crayons quit,drew daywalt,2015,The Day the Crayons Quit,Drew Daywalt,4.8,8922.0,9.0,Fiction,24,5,0,0,9.09638749190015,middle,high
the deep end diary of a wimpy kid book 15,jeff kinney,2020,The Deep End (Diary of a Wimpy Kid Book 15),Jeff Kinney,4.9,38674.0,7.0,Fiction,43,10,0,1,10.562948675441266,high,very_high
the dukan diet 2 steps to lose the weight 2 steps to keep it off forever,pierre dukan,2011,"The Dukan Diet: 2 Steps to Lose the Weight, 2 Steps to Keep It Off Forever",Pierre Dukan,4.1,2023.0,15.0,Non Fiction,74,16,1,1,7.6128310304073565,low,normal
the elegance of the hedgehog,muriel barbery,2009,The Elegance of the Hedgehog,Muriel Barbery,4.0,1859.0,11.0,Fiction,28,5,0,0,7.528331766707247,low,normal
the fault in our stars,john green,2012,The Fault in Our Stars,John Green,4.7,50482.0,13.0,Fiction,22,5,0,0,10.829391924926254,high,high
the fault in our stars,john green,2013,The Fault in Our Stars,John Green,4.7,50482.0,13.0,Fiction,22,5,0,0,10.829391924926254,high,high
the fault in our stars,john green,2014,The Fault in Our Stars,John Green,4.7,50482.0,10.0,Fiction,22,5,0,0,10.829391924926254,high,high
the five dysfunctions of a team a leadership fable,patrick lencioni,2009,The Five Dysfunctions of a Team: A Leadership Fable,Patrick Lencioni,4.6,3207.0,6.0,Non Fiction,51,9,1,0,8.073402968986406,low,high
the five dysfunctions of a team a leadership fable,patrick lencioni,2010,The Five Dysfunctions of a Team: A Leadership Fable,Patrick Lencioni,4.6,3207.0,6.0,Non Fiction,51,9,1,0,8.073402968986406,low,high
the five dysfunctions of a team a leadership fable,patrick lencioni,2011,The Five Dysfunctions of a Team: A Leadership Fable,Patrick Lencioni,4.6,3207.0,6.0,Non Fiction,51,9,1,0,8.073402968986406,low,high
the five dysfunctions of a team a leadership fable,patrick lencioni,2012,The Five Dysfunctions of a Team: A Leadership Fable,Patrick Lencioni,4.6,3207.0,6.0,Non Fiction,51,9,1,0,8.073402968986406,low,high
the five dysfunctions of a team a leadership fable,patrick lencioni,2013,The Five Dysfunctions of a Team: A Leadership Fable,Patrick Lencioni,4.6,3207.0,6.0,Non Fiction,51,9,1,0,8.073402968986406,low,high
the five love languages how to express heartfelt commitment to your mate,gary chapman,2009,The Five Love Languages: How to Express Heartfelt Commitment to Your Mate,Gary Chapman,4.6,803.0,9.0,Non Fiction,73,12,1,0,6.6895992691789665,low,high
the four agreements a practical guide to personal freedom a toltec wisdom book,don miguel ruiz,2013,The Four Agreements: A Practical Guide to Personal Freedom (A Toltec Wisdom Book),Don Miguel Ruiz,4.7,23308.0,6.0,Non Fiction,81,13,1,0,10.05659483106667,high,high
the four agreements a practical guide to personal freedom a toltec wisdom book,don miguel ruiz,2015,The Four Agreements: A Practical Guide to Personal Freedom (A Toltec Wisdom Book),Don Miguel Ruiz,4.7,23308.0,6.0,Non Fiction,81,13,1,0,10.05659483106667,high,high
the four agreements a practical guide to personal freedom a toltec wisdom book,don miguel ruiz,2016,The Four Agreements: A Practical Guide to Personal Freedom (A Toltec Wisdom Book),Don Miguel Ruiz,4.7,23308.0,6.0,Non Fiction,81,13,1,0,10.05659483106667,high,high
the four agreements a practical guide to personal freedom a toltec wisdom book,don miguel ruiz,2017,The Four Agreements: A Practical Guide to Personal Freedom (A Toltec Wisdom Book),Don Miguel Ruiz,4.7,23308.0,6.0,Non Fiction,81,13,1,0,10.05659483106667,high,high
the four agreements a practical guide to personal freedom a toltec wisdom book,don miguel ruiz,2018,The Four Agreements: A Practical Guide to Personal Freedom (A Toltec Wisdom Book),Don Miguel Ruiz,4.7,23308.0,6.0,Non Fiction,81,13,1,0,10.05659483106667,high,high
the four agreements a practical guide to personal freedom a toltec wisdom book,don miguel ruiz,2019,The Four Agreements: A Practical Guide to Personal Freedom (A Toltec Wisdom Book),Don Miguel Ruiz,4.7,23308.0,6.0,Non Fiction,81,13,1,0,10.05659483106667,high,high
the four agreements a practical guide to personal freedom a toltec wisdom book,don miguel ruiz,2020,The Four Agreements: A Practical Guide to Personal Freedom (A Toltec Wisdom Book),Don Miguel Ruiz,4.7,75798.0,8.0,Non Fiction,81,13,1,0,11.235840378931302,high,high
the four agreements a practical guide to personal freedom a toltec wisdom book,don miguel ruiz,2021,The Four Agreements: A Practical Guide to Personal Freedom (A Toltec Wisdom Book),Don Miguel Ruiz,4.7,75798.0,8.0,Non Fiction,81,13,1,0,11.235840378931302,high,high
the four agreements a practical guide to personal freedom a toltec wisdom book,don miguel ruiz,2022,The Four Agreements: A Practical Guide to Personal Freedom (A Toltec Wisdom Book),Don Miguel Ruiz,4.7,75798.0,8.0,Non Fiction,81,13,1,0,11.235840378931302,high,high
the four winds a novel,kristin hannah,2021,The Four Winds: A Novel,Kristin Hannah,4.5,96810.0,14.0,Fiction,23,5,1,0,11.480515903172183,high,normal
the getaway,jeff kinney,2017,The Getaway,Jeff Kinney,4.8,5836.0,0.0,Fiction,11,2,0,0,8.671972245203792,low,high
the girl on the train,paula hawkins,2015,The Girl on the Train,Paula Hawkins,4.1,79446.0,18.0,Fiction,21,5,0,0,11.28284541165472,high,normal
the girl on the train,paula hawkins,2016,The Girl on the Train,Paula Hawkins,4.1,79446.0,7.0,Fiction,21,5,0,0,11.28284541165472,high,normal
the girl who kicked the hornets nest millennium trilogy,stieg larsson,2010,The Girl Who Kicked the Hornet's Nest (Millennium Trilogy),Stieg Larsson,4.7,7747.0,14.0,Fiction,58,9,0,0,8.955190024526887,middle,high
the girl who kicked the hornets nest millennium trilogy,stieg larsson,2011,The Girl Who Kicked the Hornet's Nest (Millennium Trilogy),Stieg Larsson,4.7,7747.0,14.0,Fiction,58,9,0,0,8.955190024526887,middle,high
the girl who played with fire millennium,stieg larsson,2009,The Girl Who Played with Fire (Millennium),Stieg Larsson,4.7,7251.0,16.0,Fiction,42,7,0,0,8.889032571874742,middle,high
the girl who played with fire millennium series,stieg larsson,2010,The Girl Who Played with Fire (Millennium Series),Stieg Larsson,4.7,7251.0,9.0,Fiction,49,8,0,0,8.889032571874742,middle,high
the girl with the dragon tattoo millennium series,stieg larsson,2009,The Girl with the Dragon Tattoo (Millennium Series),Stieg Larsson,4.4,10559.0,2.0,Fiction,51,8,0,0,9.264828557260252,middle,normal
the girl with the dragon tattoo millennium series,stieg larsson,2010,The Girl with the Dragon Tattoo (Millennium Series),Stieg Larsson,4.4,10559.0,2.0,Fiction,51,8,0,0,9.264828557260252,middle,normal
the goingtobed book,sandra boynton,2016,The Going-To-Bed Book,Sandra Boynton,4.8,5249.0,5.0,Fiction,21,3,0,0,8.565983355585669,low,high
the goingtobed book,sandra boynton,2017,The Going-To-Bed Book,Sandra Boynton,4.8,5249.0,5.0,Fiction,21,3,0,0,8.565983355585669,low,high
the goldfinch a novel pulitzer prize for fiction,donna tartt,2013,The Goldfinch: A Novel (Pulitzer Prize for Fiction),Donna Tartt,3.9,33844.0,20.0,Fiction,51,8,1,0,10.429546556942707,high,normal
the goldfinch a novel pulitzer prize for fiction,donna tartt,2014,The Goldfinch: A Novel (Pulitzer Prize for Fiction),Donna Tartt,3.9,33844.0,20.0,Fiction,51,8,1,0,10.429546556942707,high,normal
the great gatsby,f scott fitzgerald,2012,The Great Gatsby,F. Scott Fitzgerald,4.4,11616.0,7.0,Fiction,16,3,0,0,9.360224821513475,middle,normal
the great gatsby,f scott fitzgerald,2013,The Great Gatsby,F. Scott Fitzgerald,4.4,11616.0,7.0,Fiction,16,3,0,0,9.360224821513475,middle,normal
the great gatsby,f scott fitzgerald,2014,The Great Gatsby,F. Scott Fitzgerald,4.4,11616.0,7.0,Fiction,16,3,0,0,9.360224821513475,middle,normal
the great reset joe biden and the rise of twentyfirstcentury fascism,glenn beck,2022,The Great Reset: Joe Biden and the Rise of Twenty-First-Century Fascism,Glenn Beck,4.7,3098.0,18.0,Non Fiction,71,11,1,0,8.038834757787749,low,high
the guardians a novel,john grisham,2019,The Guardians: A Novel,John Grisham,4.5,13609.0,14.0,Fiction,22,4,1,0,9.518560095645512,middle,normal
the guernsey literary and potato peel pie society,mary ann shaffer,2009,The Guernsey Literary and Potato Peel Pie Society,Mary Ann Shaffer,4.7,8587.0,10.0,Fiction,49,8,0,0,9.058121158998672,middle,high
the handmaids tale,margaret atwood,2017,The Handmaid's Tale,Margaret Atwood,4.3,29442.0,7.0,Fiction,19,3,0,0,10.290211469825051,high,normal
the harbinger the ancient mystery that holds the secret of americas future,jonathan cahn,2012,The Harbinger: The Ancient Mystery that Holds the Secret of America's Future,Jonathan Cahn,4.6,11098.0,13.0,Fiction,76,12,1,0,9.31461029315198,middle,high
the hate u give,angie thomas,2018,The Hate U Give,Angie Thomas,4.8,9947.0,11.0,Fiction,15,4,0,0,9.205126804923296,middle,high
the help,kathryn stockett,2009,The Help,Kathryn Stockett,4.8,13871.0,6.0,Fiction,8,2,0,0,9.537627699020323,middle,high
the help,kathryn stockett,2010,The Help,Kathryn Stockett,4.8,13871.0,6.0,Fiction,8,2,0,0,9.537627699020323,middle,high
the help,kathryn stockett,2011,The Help,Kathryn Stockett,4.8,13871.0,7.5,Fiction,8,2,0,0,9.537627699020323,middle,high
the hill we climb an inaugural poem for the country,amanda gorman,2021,The Hill We Climb: An Inaugural Poem for the Country,Amanda Gorman,4.9,14385.0,10.0,Fiction,52,10,1,0,9.574010790427302,middle,very_high
the house of hades heroes of olympus book 4,rick riordan,2013,"The House of Hades (Heroes of Olympus, Book 4)",Rick Riordan,4.8,6982.0,14.0,Fiction,46,9,0,1,8.851233902846035,middle,high
the hunger games,suzanne collins,2010,The Hunger Games,Suzanne Collins,4.7,32122.0,14.0,Fiction,16,3,0,0,10.377327563450146,high,high
the hunger games book 1,suzanne collins,2011,The Hunger Games (Book 1),Suzanne Collins,4.7,32122.0,8.0,Fiction,25,5,0,1,10.377327563450146,high,high
the hunger games book 1,suzanne collins,2012,The Hunger Games (Book 1),Suzanne Collins,4.7,32122.0,8.0,Fiction,25,5,0,1,10.377327563450146,high,high
the hunger games trilogy boxed set 1,suzanne collins,2011,The Hunger Games Trilogy Boxed Set (1),Suzanne Collins,4.8,16949.0,30.0,Fiction,38,7,0,1,9.738023112808596,middle,high
the hunger games trilogy boxed set 1,suzanne collins,2012,The Hunger Games Trilogy Boxed Set (1),Suzanne Collins,4.8,16949.0,30.0,Fiction,38,7,0,1,9.738023112808596,middle,high
the immortal life of henrietta lacks,rebecca skloot,2010,The Immortal Life of Henrietta Lacks,Rebecca Skloot,4.7,9289.0,13.0,Non Fiction,36,6,0,0,9.136693831807884,middle,high
the immortal life of henrietta lacks,rebecca skloot,2011,The Immortal Life of Henrietta Lacks,Rebecca Skloot,4.7,9289.0,9.0,Non Fiction,36,6,0,0,9.136693831807884,middle,high
the immortal life of henrietta lacks,rebecca skloot,2012,The Immortal Life of Henrietta Lacks,Rebecca Skloot,4.7,9289.0,9.0,Non Fiction,36,6,0,0,9.136693831807884,middle,high
the instant pot electric pressure cooker cookbook easy recipes for fast healthy meals,laurel randolph,2017,The Instant Pot Electric Pressure Cooker Cookbook: Easy Recipes for Fast & Healthy Meals,Laurel Randolph,4.3,7368.0,7.0,Non Fiction,88,14,1,0,8.905037290767,middle,normal
the instant pot electric pressure cooker cookbook easy recipes for fast healthy meals,laurel randolph,2018,The Instant Pot Electric Pressure Cooker Cookbook: Easy Recipes for Fast & Healthy Meals,Laurel Randolph,4.3,7368.0,7.0,Non Fiction,88,14,1,0,8.905037290767,middle,normal
the last lecture,randy pausch,2009,The Last Lecture,Randy Pausch,4.7,4028.0,9.0,Non Fiction,16,3,0,0,8.301273485191347,low,high
the last olympian percy jackson and the olympians book 5,rick riordan,2009,"The Last Olympian (Percy Jackson and the Olympians, Book 5)",Rick Riordan,4.8,4628.0,7.0,Fiction,59,10,0,1,8.44009614103127,low,high
the last olympian percy jackson and the olympians book 5,rick riordan,2010,"The Last Olympian (Percy Jackson and the Olympians, Book 5)",Rick Riordan,4.8,4628.0,7.0,Fiction,59,10,0,1,8.44009614103127,low,high
the last thing he told me a novel,laura dave,2021,The Last Thing He Told Me: A Novel,Laura Dave,4.3,77903.0,14.0,Fiction,34,8,1,0,11.263232578422482,high,normal
the last thing he told me a novel,laura dave,2022,The Last Thing He Told Me: A Novel,Laura Dave,4.3,77903.0,14.0,Fiction,34,8,1,0,11.263232578422482,high,normal
the legend of zelda hyrule historia,patrick thorpe,2013,The Legend of Zelda: Hyrule Historia,Patrick Thorpe,4.9,5396.0,20.0,Fiction,36,6,1,0,8.593598522618644,low,very_high
the lego ideas book unlock your imagination,daniel lipkowitz,2011,The Lego Ideas Book: Unlock Your Imagination,Daniel Lipkowitz,4.4,4247.0,13.0,Non Fiction,44,7,1,0,8.354203562921775,low,normal
the lego ideas book unlock your imagination,daniel lipkowitz,2012,The Lego Ideas Book: Unlock Your Imagination,Daniel Lipkowitz,4.4,4247.0,13.0,Non Fiction,44,7,1,0,8.354203562921775,low,normal
the lifechanging magic of tidying up the japanese art of decluttering and organizing,marie kond,2015,The Life-Changing Magic of Tidying Up: The Japanese Art of Decluttering and Organizing,Marie Kondō,4.5,22641.0,11.0,Non Fiction,86,13,1,0,10.027561867638054,high,normal
the lifechanging magic of tidying up the japanese art of decluttering and organizing,marie kond,2016,The Life-Changing Magic of Tidying Up: The Japanese Art of Decluttering and Organizing,Marie Kondō,4.5,22641.0,11.0,Non Fiction,86,13,1,0,10.027561867638054,high,normal
the lifechanging magic of tidying up the japanese art of decluttering and organizing,marie kond,2017,The Life-Changing Magic of Tidying Up: The Japanese Art of Decluttering and Organizing,Marie Kondō,4.5,22641.0,11.0,Non Fiction,86,13,1,0,10.027561867638054,high,normal
the lifechanging magic of tidying up the japanese art of decluttering and organizing,marie kond,2019,The Life-Changing Magic of Tidying Up: The Japanese Art of Decluttering and Organizing,Marie Kondō,4.5,22641.0,11.0,Non Fiction,86,13,1,0,10.027561867638054,high,normal
the lincoln highway a novel,amor towles,2022,The Lincoln Highway: A Novel,Amor Towles,4.4,38675.0,18.0,Fiction,28,5,1,0,10.562974531603437,high,normal
the litigators,john grisham,2011,The Litigators,John Grisham,4.4,6222.0,18.0,Fiction,14,2,0,0,8.736007384569218,low,normal
the lost hero heroes of olympus book 1,rick riordan,2010,"The Lost Hero (Heroes of Olympus, Book 1)",Rick Riordan,4.8,4506.0,14.0,Fiction,41,8,0,1,8.413387022690648,low,high
the lost symbol,dan brown,2009,The Lost Symbol,Dan Brown,4.2,8747.0,19.0,Fiction,15,3,0,0,9.076580381796658,middle,normal
the love dare,stephen kendrick,2009,The Love Dare,Stephen Kendrick,4.8,1655.0,13.0,Non Fiction,13,3,0,0,7.412160334945205,low,high
the love hypothesis,ali hazelwood,2022,The Love Hypothesis,Ali Hazelwood,4.6,24858.0,11.0,Fiction,19,3,0,0,10.120975138994181,high,high
the magnolia story,chip gaines,2016,The Magnolia Story,Chip Gaines,4.9,7861.0,5.0,Non Fiction,18,3,0,0,8.969796305981806,middle,very_high
the maid a novel,nita prose,2022,The Maid: A Novel,Nita Prose,4.3,17988.0,17.0,Fiction,17,4,1,0,9.797515738962685,middle,normal
the mark of athena heroes of olympus book 3,rick riordan,2012,"The Mark of Athena (Heroes of Olympus, Book 3)",Rick Riordan,4.8,6247.0,10.0,Fiction,46,9,0,1,8.740016691519521,low,high
the martian,andy weir,2015,The Martian,Andy Weir,4.7,39459.0,9.0,Fiction,11,2,0,0,10.583042779576607,high,high
the maze runner book 1,james dashner,2014,The Maze Runner (Book 1),James Dashner,4.5,10101.0,8.0,Fiction,24,5,0,1,9.220488703027998,middle,normal
the meltdown diary of a wimpy kid book 13,jeff kinney,2018,The Meltdown (Diary of a Wimpy Kid Book 13),Jeff Kinney,4.8,5898.0,8.0,Fiction,43,9,0,1,8.682538124003075,low,high
the midnight library a novel,matt haig,2021,The Midnight Library: A Novel,Matt Haig,4.3,144313.0,13.0,Fiction,29,5,1,0,11.879746760152837,high,normal
the midnight library a novel,matt haig,2022,The Midnight Library: A Novel,Matt Haig,4.3,144314.0,13.0,Fiction,29,5,1,0,11.879753689463474,high,normal
the mueller report,the washington post,2019,The Mueller Report,The Washington Post,4.6,2744.0,12.0,Non Fiction,18,3,0,0,7.917536353943631,low,high
the nightingale a novel,kristin hannah,2015,The Nightingale: A Novel,Kristin Hannah,4.8,49288.0,11.0,Fiction,24,4,1,0,10.805456211402726,high,high
the nightingale a novel,kristin hannah,2016,The Nightingale: A Novel,Kristin Hannah,4.8,49288.0,11.0,Fiction,24,4,1,0,10.805456211402726,high,high
the official sat study guide,the college board,2010,The Official SAT Study Guide,The College Board,4.4,1201.0,40.0,Non Fiction,28,5,0,0,7.091742115095153,low,normal
the official sat study guide,the college board,2011,The Official SAT Study Guide,The College Board,4.4,1201.0,40.0,Non Fiction,28,5,0,0,7.091742115095153,low,normal
the official sat study guide,the college board,2012,The Official SAT Study Guide,The College Board,4.4,1201.0,40.0,Non Fiction,28,5,0,0,7.091742115095153,low,normal
the official sat study guide,the college board,2013,The Official SAT Study Guide,The College Board,4.4,1201.0,40.0,Non Fiction,28,5,0,0,7.091742115095153,low,normal
the official sat study guide,the college board,2014,The Official SAT Study Guide,The College Board,4.4,1201.0,40.0,Non Fiction,28,5,0,0,7.091742115095153,low,normal
the official sat study guide 2016 edition official study guide for the new sat,the college board,2016,"The Official SAT Study Guide, 2016 Edition (Official Study Guide for the New Sat)",The College Board,4.3,807.0,36.0,Non Fiction,81,14,0,1,6.694562058521095,low,normal
the paris wife a novel,paula mclain,2011,The Paris Wife: A Novel,Paula McLain,4.3,3759.0,16.0,Fiction,23,5,1,0,8.23217423638394,low,normal
the pioneer woman cooks a year of holidays 140 stepbystep recipes for simple scrumptious celebrations,ree drummond,2013,"The Pioneer Woman Cooks: A Year of Holidays: 140 Step-by-Step Recipes for Simple, Scrumptious Celebrations",Ree Drummond,4.8,2663.0,17.0,Non Fiction,106,15,1,1,7.88758403166028,low,high
the pioneer woman cooks dinnertime comfort classics freezer food 16minute meals and other delicious ways to solve,ree drummond,2015,"The Pioneer Woman Cooks: Dinnertime - Comfort Classics, Freezer Food, 16-minute Meals, and Other Delicious Ways to Solve…",Ree Drummond,4.8,3428.0,14.0,Non Fiction,121,18,1,1,8.14002395246292,low,high
the pioneer woman cooks food from my frontier,ree drummond,2012,The Pioneer Woman Cooks: Food from My Frontier,Ree Drummond,4.8,2876.0,21.0,Non Fiction,46,8,1,0,7.964503363551548,low,high
the plant paradox cookbook 100 delicious recipes to help you lose weight heal your gut and live lectinfree,dr steven r gundry md,2018,"The Plant Paradox Cookbook: 100 Delicious Recipes to Help You Lose Weight, Heal Your Gut, and Live Lectin-Free",Dr. Steven R Gundry MD,4.5,3601.0,18.0,Non Fiction,110,18,1,1,8.189244525735901,low,normal
the plant paradox the hidden dangers in healthy foods that cause disease and weight gain,dr steven r gundry md,2018,"The Plant Paradox: The Hidden Dangers in ""Healthy"" Foods That Cause Disease and Weight Gain",Dr. Steven R Gundry MD,4.4,7058.0,17.0,Non Fiction,91,15,1,0,8.862058677395472,middle,normal
the poutpout fish,deborah diesen,2017,The Pout-Pout Fish,Deborah Diesen,4.8,9784.0,5.0,Fiction,18,3,0,0,9.188605879830176,middle,high
the poutpout fish,deborah diesen,2018,The Pout-Pout Fish,Deborah Diesen,4.8,9784.0,5.0,Fiction,18,3,0,0,9.188605879830176,middle,high
the power of habit why we do what we do in life and business,charles duhigg,2012,The Power of Habit: Why We Do What We Do in Life and Business,Charles Duhigg,4.6,10795.0,21.0,Non Fiction,61,14,1,0,9.286930974137896,middle,high
the president is missing a novel,james patterson,2018,The President Is Missing: A Novel,James Patterson,4.3,10191.0,18.0,Fiction,33,6,1,0,9.229358377811945,middle,normal
the racketeer,john grisham,2012,The Racketeer,John Grisham,4.3,14493.0,18.0,Fiction,13,2,0,0,9.581490049669227,middle,normal
the real anthony fauci bill gates big pharma and the global war on democracy and public health childrens health defense,robert f kennedy jr,2021,"The Real Anthony Fauci: Bill Gates, Big Pharma, and the Global War on Democracy and Public Health (Children’s Health Defense)",Robert F. Kennedy Jr.,4.8,14575.0,20.0,Non Fiction,125,20,1,0,9.58713161949974,middle,high
the real anthony fauci bill gates big pharma and the global war on democracy and public health childrens health defense,robert f kennedy jr,2022,"The Real Anthony Fauci: Bill Gates, Big Pharma, and the Global War on Democracy and Public Health (Children’s Health Defense)",Robert F. Kennedy Jr.,4.8,14575.0,20.0,Non Fiction,125,20,1,0,9.58713161949974,middle,high
the red pyramid the kane chronicles book 1,rick riordan,2010,"The Red Pyramid (The Kane Chronicles, Book 1)",Rick Riordan,4.6,2186.0,12.0,Fiction,45,8,0,1,7.690286020676768,low,high
the road to serfdom text and documentsthe definitive edition the collected works of f a hayek volume 2,f a hayek,2010,"The Road to Serfdom: Text and Documents--The Definitive Edition (The Collected Works of F. A. Hayek, Volume 2)",F. A. Hayek,4.6,1204.0,14.0,Non Fiction,110,18,1,1,7.094234845924755,low,high
the room where it happened a white house memoir,john bolton,2020,The Room Where It Happened: A White House Memoir,John Bolton,4.3,49087.0,13.0,Non Fiction,48,9,1,0,10.801369884726927,high,normal
the serpents shadow the kane chronicles book 3,rick riordan,2012,"The Serpent's Shadow (The Kane Chronicles, Book 3)",Rick Riordan,4.8,2091.0,12.0,Fiction,50,8,0,1,7.645875825184813,low,high
the seven husbands of evelyn hugo a novel,taylor jenkins reid,2021,The Seven Husbands of Evelyn Hugo: A Novel,Taylor Jenkins Reid,4.6,60969.0,9.0,Fiction,42,8,1,0,11.018137218901861,high,high
the seven husbands of evelyn hugo a novel,taylor jenkins reid,2022,The Seven Husbands of Evelyn Hugo: A Novel,Taylor Jenkins Reid,4.6,60969.0,9.0,Fiction,42,8,1,0,11.018137218901861,high,high
the shack where tragedy confronts eternity,william p young,2009,The Shack: Where Tragedy Confronts Eternity,William P. Young,4.6,19720.0,8.0,Fiction,43,6,1,0,9.889439336810069,high,high
the shack where tragedy confronts eternity,william p young,2017,The Shack: Where Tragedy Confronts Eternity,William P. Young,4.6,19720.0,8.0,Fiction,43,6,1,0,9.889439336810069,high,high
the short second life of bree tanner an eclipse novella the twilight saga,stephenie meyer,2010,The Short Second Life of Bree Tanner: An Eclipse Novella (The Twilight Saga),Stephenie Meyer,4.6,2122.0,0.0,Fiction,76,13,1,0,7.660585461703256,low,high
the silent patient,alex michaelides,2019,The Silent Patient,Alex Michaelides,4.5,27536.0,14.0,Fiction,18,3,0,0,10.2232858338872,high,normal
the silent patient,alex michaelides,2020,The Silent Patient,Alex Michaelides,4.5,102544.0,20.0,Fiction,18,3,0,0,11.538057005607833,high,normal
the son of neptune heroes of olympus book 2,rick riordan,2011,"The Son of Neptune (Heroes of Olympus, Book 2)",Rick Riordan,4.8,4290.0,10.0,Fiction,46,9,0,1,8.364275084991524,low,high
the song of achilles a novel,madeline miller,2021,The Song of Achilles: A Novel,Madeline Miller,4.7,38186.0,10.0,Fiction,29,6,1,0,10.550250422538545,high,high
the splendid and the vile a saga of churchill family and defiance during the blitz,erik larson,2020,"The Splendid and the Vile: A Saga of Churchill, Family, and Defiance During the Blitz",Erik Larson,4.7,26537.0,17.0,Non Fiction,85,15,1,0,10.186332947096382,high,high
the storyteller tales of life and music,dave grohl,2021,The Storyteller: Tales of Life and Music,Dave Grohl,4.8,14463.0,18.0,Non Fiction,40,7,1,0,9.579418082631959,middle,high
the subtle art of not giving a fck a counterintuitive approach to living a good life,mark manson,2017,The Subtle Art of Not Giving a F*ck: A Counterintuitive Approach to Living a Good Life,Mark Manson,4.6,26490.0,15.0,Non Fiction,86,16,1,0,10.184560331647974,high,high
the subtle art of not giving a fck a counterintuitive approach to living a good life,mark manson,2018,The Subtle Art of Not Giving a F*ck: A Counterintuitive Approach to Living a Good Life,Mark Manson,4.6,26490.0,15.0,Non Fiction,86,16,1,0,10.184560331647974,high,high
the subtle art of not giving a fck a counterintuitive approach to living a good life,mark manson,2019,The Subtle Art of Not Giving a F*ck: A Counterintuitive Approach to Living a Good Life,Mark Manson,4.6,26490.0,15.0,Non Fiction,86,16,1,0,10.184560331647974,high,high
the subtle art of not giving a fck a counterintuitive approach to living a good life,mark manson,2021,The Subtle Art of Not Giving a F*ck: A Counterintuitive Approach to Living a Good Life,Mark Manson,4.6,64073.0,14.0,Non Fiction,86,16,1,0,11.0677939443996,high,high
the subtle art of not giving a fck a counterintuitive approach to living a good life,mark manson,2022,The Subtle Art of Not Giving a F*ck: A Counterintuitive Approach to Living a Good Life,Mark Manson,4.6,64073.0,14.0,Non Fiction,86,16,1,0,11.0677939443996,high,high
the sun and her flowers,rupi kaur,2017,The Sun and Her Flowers,Rupi Kaur,4.7,5487.0,9.0,Non Fiction,23,5,0,0,8.610319169405722,low,high
the third wheel diary of a wimpy kid book 7,jeff kinney,2012,"The Third Wheel (Diary of a Wimpy Kid, Book 7)",Jeff Kinney,4.7,6377.0,7.0,Fiction,46,10,0,1,8.760609847570002,low,high
the throne of fire the kane chronicles book 2,rick riordan,2011,"The Throne of Fire (The Kane Chronicles, Book 2)",Rick Riordan,4.7,1463.0,10.0,Fiction,48,9,0,1,7.288927694521257,low,high
the time travelers wife,audrey niffenegger,2009,The Time Traveler's Wife,Audrey Niffenegger,4.4,3759.0,6.0,Fiction,24,4,0,0,8.23217423638394,low,normal
the tipping point how little things can make a big difference,malcolm gladwell,2009,The Tipping Point: How Little Things Can Make a Big Difference,Malcolm Gladwell,4.4,3503.0,9.0,Non Fiction,62,11,1,0,8.161660452056282,low,normal
the total money makeover classic edition a proven plan for financial fitness,dave ramsey,2019,The Total Money Makeover: Classic Edition: A Proven Plan for Financial Fitness,Dave Ramsey,4.7,11550.0,10.0,Non Fiction,78,12,1,0,9.35452729228868,middle,high
the twilight saga collection,stephenie meyer,2009,The Twilight Saga Collection,Stephenie Meyer,4.7,3801.0,82.0,Fiction,28,4,0,0,8.243282523048375,low,high
the ugly truth diary of a wimpy kid book 5,jeff kinney,2010,"The Ugly Truth (Diary of a Wimpy Kid, Book 5)",Jeff Kinney,4.8,3796.0,12.0,Fiction,45,10,0,1,8.241966560231802,low,high
the unofficial harry potter cookbook from cauldron cakes to knickerbocker glorymore than 150 magical recipes for,dinah bucholz,2019,The Unofficial Harry Potter Cookbook: From Cauldron Cakes to Knickerbocker Glory--More Than 150 Magical Recipes for…,Dinah Bucholz,4.7,9030.0,10.0,Non Fiction,116,16,1,1,9.108418382250798,middle,high
the vanishing half a novel,brit bennett,2020,The Vanishing Half: A Novel,Brit Bennett,4.4,83490.0,13.0,Fiction,27,5,1,0,11.33249412059865,high,normal
the very hungry caterpillar,eric carle,2013,The Very Hungry Caterpillar,Eric Carle,4.9,19546.0,5.0,Fiction,27,4,0,0,9.880577100953023,middle,very_high
the very hungry caterpillar,eric carle,2014,The Very Hungry Caterpillar,Eric Carle,4.9,19546.0,5.0,Fiction,27,4,0,0,9.880577100953023,middle,very_high
the very hungry caterpillar,eric carle,2015,The Very Hungry Caterpillar,Eric Carle,4.9,19546.0,5.0,Fiction,27,4,0,0,9.880577100953023,middle,very_high
the very hungry caterpillar,eric carle,2016,The Very Hungry Caterpillar,Eric Carle,4.9,19546.0,5.0,Fiction,27,4,0,0,9.880577100953023,middle,very_high
the very hungry caterpillar,eric carle,2017,The Very Hungry Caterpillar,Eric Carle,4.9,19546.0,5.0,Fiction,27,4,0,0,9.880577100953023,middle,very_high
the very hungry caterpillar,eric carle,2018,The Very Hungry Caterpillar,Eric Carle,4.9,19546.0,5.0,Fiction,27,4,0,0,9.880577100953023,middle,very_high
the very hungry caterpillar,eric carle,2019,The Very Hungry Caterpillar,Eric Carle,4.9,19546.0,5.0,Fiction,27,4,0,0,9.880577100953023,middle,very_high
the very hungry caterpillar,eric carle,2020,The Very Hungry Caterpillar,Eric Carle,4.9,47260.0,5.0,Fiction,27,4,0,0,10.763440710059992,high,very_high
the very hungry caterpillar,eric carle,2021,The Very Hungry Caterpillar,Eric Carle,4.9,47260.0,5.0,Fiction,27,4,0,0,10.763440710059992,high,very_high
the very hungry caterpillar,eric carle,2022,The Very Hungry Caterpillar,Eric Carle,4.9,47260.0,5.0,Fiction,27,4,0,0,10.763440710059992,high,very_high
the whole body reset your weightloss plan for a flat belly optimum health a body youll love at midlife and beyond,stephen perrine,2022,"The Whole Body Reset: Your Weight-Loss Plan for a Flat Belly, Optimum Health & a Body You'll Love at Midlife and Beyond",Stephen Perrine,4.2,206.0,20.0,Non Fiction,119,22,1,0,5.332718793265369,low,normal
the whole30 the 30day guide to total health and food freedom,melissa hartwig urban,2015,The Whole30: The 30-Day Guide to Total Health and Food Freedom,Melissa Hartwig Urban,4.6,7508.0,16.0,Non Fiction,62,11,1,1,8.923857580099885,middle,high
the whole30 the 30day guide to total health and food freedom,melissa hartwig urban,2016,The Whole30: The 30-Day Guide to Total Health and Food Freedom,Melissa Hartwig Urban,4.6,7508.0,16.0,Non Fiction,62,11,1,1,8.923857580099885,middle,high
the whole30 the 30day guide to total health and food freedom,melissa hartwig urban,2017,The Whole30: The 30-Day Guide to Total Health and Food Freedom,Melissa Hartwig Urban,4.6,7508.0,16.0,Non Fiction,62,11,1,1,8.923857580099885,middle,high
the wonderful things you will be,emily winfield martin,2016,The Wonderful Things You Will Be,Emily Winfield Martin,4.9,8842.0,10.0,Fiction,32,6,0,0,9.087381464575735,middle,very_high
the wonderful things you will be,emily winfield martin,2017,The Wonderful Things You Will Be,Emily Winfield Martin,4.9,8842.0,10.0,Fiction,32,6,0,0,9.087381464575735,middle,very_high
the wonderful things you will be,emily winfield martin,2018,The Wonderful Things You Will Be,Emily Winfield Martin,4.9,8842.0,10.0,Fiction,32,6,0,0,9.087381464575735,middle,very_high
the wonderful things you will be,emily winfield martin,2019,The Wonderful Things You Will Be,Emily Winfield Martin,4.9,8842.0,10.0,Fiction,32,6,0,0,9.087381464575735,middle,very_high
the wonderful things you will be,emily winfield martin,2021,The Wonderful Things You Will Be,Emily Winfield Martin,4.9,20920.0,9.0,Fiction,32,6,0,0,9.948508718183648,high,very_high
the wonderful things you will be,emily winfield martin,2022,The Wonderful Things You Will Be,Emily Winfield Martin,4.9,20920.0,9.0,Fiction,32,6,0,0,9.948508718183648,high,very_high
the wonky donkey,craig smith,2018,The Wonky Donkey,Craig Smith,4.8,30183.0,4.0,Fiction,16,3,0,0,10.315067261644147,high,high
the wonky donkey,craig smith,2019,The Wonky Donkey,Craig Smith,4.8,30183.0,4.0,Fiction,16,3,0,0,10.315067261644147,high,high
the wonky donkey,craig smith,2020,The Wonky Donkey,Craig Smith,4.8,68099.0,5.0,Fiction,16,3,0,0,11.128732492137603,high,high
the wright brothers,david mccullough,2015,The Wright Brothers,David McCullough,4.7,6169.0,16.0,Non Fiction,19,3,0,0,8.727454116899434,low,high
they both die at the end,adam silvera,2021,They Both Die at the End,Adam Silvera,4.7,22602.0,8.0,Fiction,24,6,0,0,10.025837919813588,high,high
things that matter three decades of passions pastimes and politics deckled edge,charles krauthammer,2013,"Things That Matter: Three Decades of Passions, Pastimes and Politics [Deckled Edge]",Charles Krauthammer,4.7,7034.0,15.0,Non Fiction,83,12,1,0,8.858652969548489,middle,high
thinking fast and slow,daniel kahneman,2011,"Thinking, Fast and Slow",Daniel Kahneman,4.6,11034.0,19.0,Non Fiction,23,4,0,0,9.308827318690836,middle,high
thinking fast and slow,daniel kahneman,2012,"Thinking, Fast and Slow",Daniel Kahneman,4.6,11034.0,19.0,Non Fiction,23,4,0,0,9.308827318690836,middle,high
thirteen reasons why,jay asher,2017,Thirteen Reasons Why,Jay Asher,4.5,7932.0,9.0,Fiction,20,3,0,0,8.978786553302003,middle,normal
thomas jefferson the art of power,jon meacham,2012,Thomas Jefferson: The Art of Power,Jon Meacham,4.5,1904.0,23.0,Non Fiction,34,6,1,0,7.552237287560802,low,normal
three cups of tea one mans mission to promote peace one school at a time,greg mortenson,2009,Three Cups of Tea: One Man's Mission to Promote Peace - One School at a Time,Greg Mortenson,4.3,3319.0,11.0,Non Fiction,76,16,1,0,8.107720061910534,low,normal
three cups of tea one mans mission to promote peace one school at a time,greg mortenson,2010,Three Cups of Tea: One Man's Mission to Promote Peace - One School at a Time,Greg Mortenson,4.3,3319.0,11.0,Non Fiction,76,16,1,0,8.107720061910534,low,normal
thug kitchen the official cookbook eat like you give a fck thug kitchen cookbooks,thug kitchen,2014,Thug Kitchen: The Official Cookbook: Eat Like You Give a F*ck (Thug Kitchen Cookbooks),Thug Kitchen,4.6,11128.0,23.0,Non Fiction,86,14,1,0,9.317309592973425,middle,high
thug kitchen the official cookbook eat like you give a fck thug kitchen cookbooks,thug kitchen,2015,Thug Kitchen: The Official Cookbook: Eat Like You Give a F*ck (Thug Kitchen Cookbooks),Thug Kitchen,4.6,11128.0,23.0,Non Fiction,86,14,1,0,9.317309592973425,middle,high
thug kitchen the official cookbook eat like you give a fck thug kitchen cookbooks,thug kitchen,2016,Thug Kitchen: The Official Cookbook: Eat Like You Give a F*ck (Thug Kitchen Cookbooks),Thug Kitchen,4.6,11128.0,23.0,Non Fiction,86,14,1,0,9.317309592973425,middle,high
thug kitchen the official cookbook eat like you give a fck thug kitchen cookbooks,thug kitchen,2017,Thug Kitchen: The Official Cookbook: Eat Like You Give a F*ck (Thug Kitchen Cookbooks),Thug Kitchen,4.6,11128.0,23.0,Non Fiction,86,14,1,0,9.317309592973425,middle,high
tina fey bossypants,tina fey,2011,Tina Fey: Bossypants,Tina Fey,4.3,5977.0,12.0,Non Fiction,20,3,1,0,8.695841342843883,low,normal
to kill a mockingbird,harper lee,2013,To Kill a Mockingbird,Harper Lee,4.8,26234.0,0.0,Fiction,21,4,0,0,10.174849676120813,high,high
to kill a mockingbird,harper lee,2014,To Kill a Mockingbird,Harper Lee,4.8,26234.0,0.0,Fiction,21,4,0,0,10.174849676120813,high,high
to kill a mockingbird,harper lee,2015,To Kill a Mockingbird,Harper Lee,4.8,26234.0,0.0,Fiction,21,4,0,0,10.174849676120813,high,high
to kill a mockingbird,harper lee,2016,To Kill a Mockingbird,Harper Lee,4.8,26234.0,0.0,Fiction,21,4,0,0,10.174849676120813,high,high
to kill a mockingbird,harper lee,2019,To Kill a Mockingbird,Harper Lee,4.8,26234.0,7.0,Fiction,21,4,0,0,10.174849676120813,high,high
too much and never enough how my family created the worlds most dangerous man,mary l trump phd,2020,Too Much and Never Enough: How My Family Created the World's Most Dangerous Man,Mary L. Trump Ph.D.,4.6,100534.0,10.0,Non Fiction,79,14,1,0,11.518261204559748,high,high
tools of titans the tactics routines and habits of billionaires icons and worldclass performers,timothy ferriss,2017,"Tools of Titans: The Tactics, Routines, and Habits of Billionaires, Icons, and World-Class Performers",Timothy Ferriss,4.6,4360.0,21.0,Non Fiction,101,14,1,0,8.380456667842767,low,high
towers of midnight wheel of time book thirteen,robert jordan,2010,"Towers of Midnight (Wheel of Time, Book Thirteen)",Robert Jordan,4.8,2282.0,21.0,Fiction,49,8,0,0,7.733245646529795,low,high
true compass a memoir,edward m kennedy,2009,True Compass: A Memoir,Edward M. Kennedy,4.5,438.0,15.0,Non Fiction,22,4,1,0,6.0844994130751715,low,normal
twilight the twilight saga book 1,stephenie meyer,2009,"Twilight (The Twilight Saga, Book 1)",Stephenie Meyer,4.7,11676.0,9.0,Fiction,36,6,0,1,9.365376374075716,middle,high
ugly love a novel,colleen hoover,2022,Ugly Love: A Novel,Colleen Hoover,4.7,33929.0,10.0,Fiction,18,4,1,0,10.432054857778276,high,high
ultimate sticker book frozen more than 60 reusable fullcolor stickers,dk,2014,Ultimate Sticker Book: Frozen: More Than 60 Reusable Full-Color Stickers,DK,4.5,2586.0,5.0,Fiction,72,10,1,1,7.8582541821860294,low,normal
unbroken a world war ii story of survival resilience and redemption,laura hillenbrand,2010,"Unbroken: A World War II Story of Survival, Resilience, and Redemption",Laura Hillenbrand,4.8,29673.0,16.0,Non Fiction,70,11,1,0,10.298026520510739,high,high
unbroken a world war ii story of survival resilience and redemption,laura hillenbrand,2011,"Unbroken: A World War II Story of Survival, Resilience, and Redemption",Laura Hillenbrand,4.8,29673.0,16.0,Non Fiction,70,11,1,0,10.298026520510739,high,high
unbroken a world war ii story of survival resilience and redemption,laura hillenbrand,2012,"Unbroken: A World War II Story of Survival, Resilience, and Redemption",Laura Hillenbrand,4.8,29673.0,16.0,Non Fiction,70,11,1,0,10.298026520510739,high,high
unbroken a world war ii story of survival resilience and redemption,laura hillenbrand,2014,"Unbroken: A World War II Story of Survival, Resilience, and Redemption",Laura Hillenbrand,4.8,29673.0,14.5,Non Fiction,70,11,1,0,10.298026520510739,high,high
under the dome a novel,stephen king,2009,Under the Dome: A Novel,Stephen King,4.3,6740.0,20.0,Fiction,23,5,1,0,8.815963560853438,middle,normal
unfreedom of the press,mark r levin,2019,Unfreedom of the Press,Mark R. Levin,4.9,5956.0,11.0,Non Fiction,22,4,0,0,8.692322277628687,low,very_high
unicorn coloring book for kids ages 48 us edition silly bear coloring books,silly bear,2019,Unicorn Coloring Book: For Kids Ages 4-8 (US Edition) (Silly Bear Coloring Books),Silly Bear,4.8,6108.0,4.0,Non Fiction,81,13,1,1,8.717518372649767,low,high
uninvited living loved when you feel less than left out and lonely,lysa terkeurst,2016,"Uninvited: Living Loved When You Feel Less Than, Left Out, and Lonely",Lysa TerKeurst,4.7,4585.0,9.0,Non Fiction,69,12,1,0,8.43076346341785,low,high
untamed,glennon doyle,2020,Untamed,Glennon Doyle,4.6,49978.0,16.0,Non Fiction,7,1,0,0,10.81935819618558,high,high
untamed,glennon doyle,2021,Untamed,Glennon Doyle,4.6,49978.0,16.0,Non Fiction,7,1,0,0,10.81935819618558,high,high
verity,colleen hoover,2022,Verity,Colleen Hoover,4.6,71826.0,11.0,Fiction,6,1,0,0,11.182015728917522,high,high
wacky waving inflatable tube guy rp minis,conor riordan,2020,Wacky Waving Inflatable Tube Guy (RP Minis),Conor Riordan,4.0,35772.0,12.0,Fiction,43,7,0,0,10.484948697900347,high,normal
watchmen,alan moore,2009,Watchmen,Alan Moore,4.8,3829.0,42.0,Fiction,8,1,0,0,8.250620082174692,low,high
water for elephants a novel,sara gruen,2011,Water for Elephants: A Novel,Sara Gruen,4.5,8958.0,12.0,Fiction,28,5,1,0,9.100413892597578,middle,normal
we were liars,e lockhart,2021,We Were Liars,E. Lockhart,4.5,34117.0,6.0,Fiction,13,3,0,0,10.437580383240466,high,normal
what happened,hillary rodham clinton,2017,What Happened,Hillary Rodham Clinton,4.6,5492.0,18.0,Non Fiction,13,2,0,0,8.61122983334262,low,high
what if serious scientific answers to absurd hypothetical questions,randall munroe,2014,What If?: Serious Scientific Answers to Absurd Hypothetical Questions,Randall Munroe,4.7,9292.0,17.0,Non Fiction,69,9,1,0,9.13701670755734,middle,high
what pet should i get classic seuss,dr seuss,2015,What Pet Should I Get? (Classic Seuss),Dr. Seuss,4.7,1873.0,14.0,Fiction,38,7,0,0,7.535830462798367,low,high
what should danny do the power to choose series,adir levy,2019,What Should Danny Do? (The Power to Choose Series),Adir Levy,4.8,8170.0,13.0,Fiction,50,9,0,0,9.008346579384707,middle,high
what should danny do the power to choose series,adir levy,2020,What Should Danny Do? (The Power to Choose Series),Adir Levy,4.8,20918.0,14.0,Fiction,50,9,0,0,9.948413115889121,high,high
what to expect when youre expecting,heidi murkoff,2011,What to Expect When You're Expecting,Heidi Murkoff,4.4,3341.0,9.0,Non Fiction,36,6,0,0,8.114324709155339,low,normal
what to expect when youre expecting,heidi murkoff,2022,What to Expect When You're Expecting,Heidi Murkoff,4.8,27052.0,13.0,Non Fiction,36,6,0,0,10.205553183855171,high,high
wheat belly lose the wheat lose the weight and find your path back to health,william davis,2012,"Wheat Belly: Lose the Wheat, Lose the Weight, and Find Your Path Back to Health",William Davis,4.4,7497.0,6.0,Non Fiction,79,15,1,0,8.922391597295857,middle,normal
wheat belly lose the wheat lose the weight and find your path back to health,william davis,2013,"Wheat Belly: Lose the Wheat, Lose the Weight, and Find Your Path Back to Health",William Davis,4.4,7497.0,6.0,Non Fiction,79,15,1,0,8.922391597295857,middle,normal
when breath becomes air,paul kalanithi,2016,When Breath Becomes Air,Paul Kalanithi,4.8,13779.0,14.0,Non Fiction,23,4,0,0,9.53097354456765,middle,high
where the crawdads sing,delia owens,2019,Where the Crawdads Sing,Delia Owens,4.8,87841.0,15.0,Fiction,23,4,0,0,11.383295025154466,high,high
where the crawdads sing,delia owens,2020,Where the Crawdads Sing,Delia Owens,4.8,208915.0,12.0,Fiction,23,4,0,0,12.249687536282321,high,high
where the crawdads sing,delia owens,2022,Where the Crawdads Sing,Delia Owens,4.8,208917.0,10.0,Fiction,23,4,0,0,12.249697109462101,high,high
where the wild things are,maurice sendak,2009,Where the Wild Things Are,Maurice Sendak,4.8,9967.0,13.0,Fiction,25,5,0,0,9.207135241027235,middle,high
white fragility why its so hard for white people to talk about racism,dr robin diangelo,2020,White Fragility: Why It's So Hard for White People to Talk About Racism,Dr. Robin DiAngelo,4.5,38798.0,8.0,Non Fiction,71,13,1,0,10.566149752083353,high,normal
whose boat is this boat comments that dont help in the aftermath of a hurricane,the staff of the late show with,2018,Whose Boat Is This Boat?: Comments That Don't Help in the Aftermath of a Hurricane,The Staff of The Late Show with,4.6,6669.0,12.0,Non Fiction,82,15,1,0,8.80537513890967,middle,high
wild from lost to found on the pacific crest trail,cheryl strayed,2012,Wild: From Lost to Found on the Pacific Crest Trail,Cheryl Strayed,4.4,17044.0,18.0,Non Fiction,51,10,1,0,9.743612184572003,middle,normal
winter of the world book two of the century trilogy,ken follett,2012,Winter of the World: Book Two of the Century Trilogy,Ken Follett,4.5,10760.0,15.0,Fiction,52,10,1,0,9.283683766200392,middle,normal
women food and god an unexpected path to almost everything,geneen roth,2010,Women Food and God: An Unexpected Path to Almost Everything,Geneen Roth,4.2,1302.0,11.0,Non Fiction,59,10,1,0,7.172424577124845,low,normal
wonder,r j palacio,2013,Wonder,R. J. Palacio,4.8,21625.0,9.0,Fiction,6,1,0,0,9.981651573505482,high,high
wonder,r j palacio,2014,Wonder,R. J. Palacio,4.8,21625.0,9.0,Fiction,6,1,0,0,9.981651573505482,high,high
wonder,r j palacio,2015,Wonder,R. J. Palacio,4.8,21625.0,9.0,Fiction,6,1,0,0,9.981651573505482,high,high
wonder,r j palacio,2016,Wonder,R. J. Palacio,4.8,21625.0,9.0,Fiction,6,1,0,0,9.981651573505482,high,high
wonder,r j palacio,2017,Wonder,R. J. Palacio,4.8,21625.0,9.0,Fiction,6,1,0,0,9.981651573505482,high,high
wrecking ball diary of a wimpy kid book 14,jeff kinney,2019,Wrecking Ball (Diary of a Wimpy Kid Book 14),Jeff Kinney,4.9,9413.0,8.0,Fiction,44,9,0,1,9.149953221961088,middle,very_high
you are a badass how to stop doubting your greatness and start living an awesome life,jen sincero,2016,You Are a Badass: How to Stop Doubting Your Greatness and Start Living an Awesome Life,Jen Sincero,4.7,14331.0,8.0,Non Fiction,86,16,1,0,9.570250078424845,middle,high
you are a badass how to stop doubting your greatness and start living an awesome life,jen sincero,2017,You Are a Badass: How to Stop Doubting Your Greatness and Start Living an Awesome Life,Jen Sincero,4.7,14331.0,8.0,Non Fiction,86,16,1,0,9.570250078424845,middle,high
you are a badass how to stop doubting your greatness and start living an awesome life,jen sincero,2018,You Are a Badass: How to Stop Doubting Your Greatness and Start Living an Awesome Life,Jen Sincero,4.7,14331.0,8.0,Non Fiction,86,16,1,0,9.570250078424845,middle,high
you are a badass how to stop doubting your greatness and start living an awesome life,jen sincero,2019,You Are a Badass: How to Stop Doubting Your Greatness and Start Living an Awesome Life,Jen Sincero,4.7,14331.0,8.0,Non Fiction,86,16,1,0,9.570250078424845,middle,high
